concept_id,name,datatype_id
1,"PNEUMONIA, TUBERCULOUS",2
2,POSITIVE,4
3,scanty,4
4,THREE PLUS,10
5,TWO PLUS,10
6,contaminated specimen,4
7,ONE PLUS,10
8,NEGATIVE,4
9,Sputum AFB,2
10,AMOXICILLIN AND CLAVULANIC ACID,4
11,RIFAMPICIN,2
12,SPUTUM,4
13,UNKNOWN,4
14,OTHER ANTIRETROVIRAL DRUG,4
15,NEVIRAPINE,4
16,DIDANOSINE,4
17,STAVUDINE/LAMIVUDINE/NEVIRAPINE,4
18,LOPINAVIR/RITONAVIR,2
19,LAMIVUDINE,4
20,NELFINAVIR,4
21,EFAVIRENZ,4
22,TENOFOVIR,4
23,ZIDOVUDINE/LAMIVUDINE,2
24,ABACAVIR,4
25,UNKNOWN ANTIRETROVIRAL DRUG,4
26,STAVUDINE,4
27,ANTIRETROVIRAL DRUGS,4
28,None,4
29,COMPLETED TOTAL PMTCT,4
30,WEIGHT CHANGE,4
31,REFUSAL OF TREATMENT BY PATIENT,10
32,planned treatment interruption,4
33,Others,4
34,STREPTOMYCIN INJECTION,2
35,INH/B6,2
36,PYRAZINAMIDE ,4
37,ETHAMBUTOL,2
38,RIFAMPICIN ISONIAZID AND PYRAZINAMIDE,4
39,RIFAMPICIN AND ISONIAZID,4
40,RIFAMPICIN ISONIAZID PYRAZINAMIDE AND ETHAMBUTOL,4
41,ETHAMBUTOL AND ISONIAZID,4
42,TUBERCULOSIS TREATMENT STARTED,2
43,CHANGE FORMULATION,4
44,MEDICATION STOCK OUT,10
45,Inpatient care or Hospitalization,2
46,"TOXICITY, DRUG",4
47,CURRENTLY PREGNANT,10
47,Pregnant,10
48,CANNOT AFFORD TREATMENT,4
49,TREATMENT NEVER STARTED - PATIENT REFUSED,4
50,Poor adherence,4
51,Treatment Failure,4
52,REASON ANTIRETROVIRALS STOPPED,2
53,DECEASED,4
54,CAPREOMYCIN,4
55,KANAMYCIN,4
56,PYRIDOXINE,4
57,Viomycin,4
58,CIPROFLOXACIN,4
59,CLARITHROMYCIN,4
60,TERIZIDONE,4
61,MOXIFLOXACIN,4
62,LEVOFLOXACIN,4
63,AMIKACIN,4
64,PROTHIONAMIDE,4
65,THIOACETAZONE,4
66,RIFABUTIN,4
67,P-AMINOSALICYLIC ACID,4
68,OFLOXACIN,4
69,GATIFLOXACIN,4
70,CLOFAZIMINE,4
71,CYCLOSERINE,4
72,ETHIONAMIDE,4
73,resistant to anti-tuberculosis drugs,2
74,Drug-Drug Interaction (Properly Prescribed and Administered),4
75,"continuation phase, tuberculosis treatment",4
76,COMPLETED,4
77,Treatment extended,4
78,Reason tuberculosis treatment stopped,2
79,TRANSFERRED,10
80,YES,4
81,NO,4
82,PATIENT CURRENTLY INPATIENT AT FACILITY,2
83,"Mycobacterium Tuberculosis, extrapulmonary",4
84,SYSTOLIC BLOOD PRESSURE,1
85,WEIGHT (KG),1
86,RETURN VISIT DATE,6
87,RESPIRATORY RATE,1
88,CD4 COUNT,1
89,TUBERCULOSIS,2
90,Specimen Unsatisfactory for Diagnosis,4
91,Mycobacterial Infection (Excluding Tuberculosis and Leprosy),4
92,multi-drug resistant tuberculosis infection,4
93,extremely drug-resistant tuberculosis infection,4
94,Clinical impression comment,3
95,INDETERMINATE,4
96,Result of HIV test,2
97,contact phone number,3
98,"cure, outcome",4
99,Specimen collection date,6
100,colonies,4
101,BACTEC Mgit culture method,4
102,Ogawa mycobacteria culture method,4
103,Lowenstein-Jensen mycobacteria culture method,4
104,Mycobacterium culture method,2
105,microdilution DST method,4
106,Microscopic observation drug susceptibility,4
107,BACTEC DST,4
108,Agar plate method,4
109,GRIESS,4
110,"drug sensitivity test methods, tuberculosis",2
111,colonies in control,3
112,intermediate resistance to anti-tubercular drugs,2
113,susceptible to anti-tuberculosis drugs,2
114,Cerebral Abscess,4
115,cerebrospinal fluid,4
116,joint fluid,4
117,urine,4
118,specimen from stomach,4
119,feces,4
120,bronchial aspirate,4
121,pulmonary tissue,4
122,PLEURAL EFFUSION,4
123,specimen source,2
124,tuberculosis test date ordered,6
125,tuberculosis test date received,8
126,acid fast fluorochrome stain method ,4
127,tuberculosis smear microscopy method,2
128,tuberculosis test start date,8
129,tuberculosis test result date,8
130,organism count using microscope,1
131,tuberculosis smear microscopy construct,4
132,"type of organism, non-coded, tuberculosis",3
133,Mycobacterium Avium-Intracellulare Complex,4
134,Mycobacterium abscessus,4
135,Mycobacterium bovis,4
136,Mycobacterium canetti,4
137,Mycobacterium africanum,4
138,Mycobacterium microti,4
139,Mycobacterium tuberculosis,4
140,Mycobacterium tuberculosis complex,4
141,Mycobacterium Scrofulaceum,4
142,"type of organism, tuberculosis",2
143,specimen ID,1
144,PURULENT,4
145,mucopurulent,4
146,saliva,4
147,bloody,4
148,Red Color,4
149,appearance of specimen,2
150,tuberculosis specimen comment,3
151,waiting for test results,4
152,contaminated drug sensitivity testing,4
153,Previously treated with second line drugs,4
154,newly diagnosed TB without prior treatment,4
155,previously treated with first line drugs only,4
156,Category IV tuberculosis classification,2
157,bacillus,4
158,"results, tuberculosis culture",2
159,number of days for mycobacterium culture to turn positive ,1
160,tuberculosis culture construct,4
161,Tuberculosis drug sensitivity testing,3
162,Direct method for drug sensitivity test,10
163,concentration,1
164,tuberculosis drug sensitivity test results,2
165,tuberculosis drug sensitivity testing construct,4
166,TUBERCULOSIS QUINOLONES,4
167,DEFAULTED,4
168,Relapse,4
169,Failure of category I treatment,4
170,Failure of category II treatment,4
171,Category IV tuberculosis classification result of previous treatment,2
172,Coinfected with HIV and TB and on antiretrovirals,10
173,Other Mycobacteria non-coded,3
174,MULTI-DRUG RESISTANT TUBERCULOSIS CULTURE STATUS,4
175,tuberculosis drugs,4
176,Patient ambulatory,4
177,HOSPITALIZATION WORKFLOW,4
178,Patient Hospitalized,2
179,"Lab test report, scanned",4
180,JOINT PAIN,4
181,RASH,2
182,sub-district hospital,4
183,district hospital,4
184,MOI TEACHING AND REFERRAL HOSPITAL,4
185,HEALTH CENTER HOSPITAL,4
186,Provincial hospital,4
187,PATIENT HOSPITALIZED LOCATION,2
188,HEPATOMEGALY,4
189,LYMPHADENOPATHY,4
190,ITCHING,2
191,DIARRHEA,2
192,Loss of Appetite,2
193,WEIGHT LOSS,2
194,COUGH,2
195,Well appearing,10
196,Headache/confusion,2
197,Lactic Acidosis,4
198,WEIGHT GAIN,2
199,ABDOMINAL PAIN,2
200,Immune reconstitution inflammatory syndrome,4
201,FEVER,2
202,CHEST PAIN,2
203,DYSPNEA,2
204,NIGHT SWEATS,2
205,PERIPHERAL NEUROPATHY,4
206,Drug-Induced Hepatitis,4
207,VOMITING,2
208,Clinician notes,2
209,Died,4
210,Treatment Complete,4
211,PATIENT TRANSFERRED OUT,4
212,STILL ON TREATMENT,4
213,MULTI-DRUG RESISTANT TUBERCULOSIS TREATMENT OUTCOME,4
214,Multi-drug resistant tuberculosis suspected,2
215,Site of tuberculosis disease,2
216,empiric treatment,4
217,standard treatment,1
218,individualized treatment,4
219,Current multi-drug resistant tuberculosis type,2
220,INFILTRATE,4
221,PULMONARY EFFUSION,4
222,CAVITARY LESION,4
223,EVIDENCE OF CARDIAC ENLARGEMENT,4
224,MILIARY CHANGES,4
225,NORMAL,4
226,DIFFUSE NON-MILIARY CHANGES,4
227,"X-RAY, CHEST",2
228,HEMOGLOBIN (HB/PCV),1
229,Counseling about immunizations,10
230,Counseling for expectant mother,2
231,BEDNET COUNSELING,2
232,ALCOHOL COUNSELING,2
233,NUTRITION COUNSELING,2
233,Educated on importance of nutrition,2
234,TOBACCO USE COUNSELING,2
235,FAMILY PLANNING COUNSELING,2
236,Counseling about breastfeeding,2
237,SANITATION/HYGIENE COUNSELING,2
238,Preventative Education/Counseling for HIV/AIDS,2
239,EDUCATION/COUNSELING ORDERS,2
240,ADHERENCE COUNSELING,2
241,REFERRAL FOR OPPORTUNISTIC INFECTION TREATMENT,4
242,SOCIAL SUPPORT SERVICES,1
243,VCT,10
244,REFERRAL FOR IMAGING STUDY,4
245,PSYCHOSOCIAL COUNSELING,1
246,DENTAL CARE REFERRAL,10
247,FAMILY PLANNING SERVICES,10
248,DIAGNOSTIC TESTING AND COUNSELING FOR HIV,10
249,REFERRAL FOR PREGNANCY TERMINATION,10
250,Tuberculosis Treatment or DOT Program,10
251,POSTNATAL CARE REFERRAL,10
252,REFERRAL FOR ANTIRETROVIRAL THERAPY,4
253,Personal History of Abortion,4
254,OPHTHALMOLOGY REFERRAL,10
255,DISCLOSURE COUNSELING,4
256,ARV FOR MOTHER,10
257,MENTAL HEALTH SERVICES,4
258,NUTRITIONAL SUPPORT,1
259,PRENATAL CARE REFERRAL,10
260,REFERRALS ORDERED,2
261,SERVICES ORDERED,4
262,MALARIAL SMEAR,2
263,MEASLES VACCINATION,2
264,POOR SAMPLE QUALITY,4
265,URINE PREGNANCY TEST,2
266,Ectopic Pregnancy without Intrauterine Pregnancy,4
267,"PREGNANCY, HYPERTENSION ASSOCIATED",4
268,"PREGNANCY, MISCARRIAGE",2
269,VESICO-VAGINAL FISTULA,10
270,TETANUS BOOSTER,2
271,MENINGITIS,4
272,"ACCIDENT, MOTOR VEHICLE",4
273,GENTAMICIN,4
274,DYSPEPSIA,4
275,MASTITIS,4
276,PUERPERAL SEPSIS,4
277,TYPHOID FEVER,4
278,LABOR PAIN,4
279,FUNGAL INFECTION,4
280,CONDOMS,4
281,SEIZURE,2
282,ANTEPARTUM HEMORRHAGE,2
283,POSTPARTUM HEMORRHAGE,2
284,REACTIVE,4
285,NON-REACTIVE,4
286,VDRL,2
287,A POSITIVE,4
288,AB NEGATIVE,4
289,B POSITIVE,4
290,O NEGATIVE,4
291,B NEGATIVE,4
292,O POSITIVE,4
293,A NEGATIVE,4
294,AB POSITIVE,4
295,BLOOD TYPING,2
296,ABNORMAL,4
297,URINALYSIS ORDER,2
298,Cestode Infection,4
299,Ancylostomiasis due to Ancylostoma Duodenale,4
300,Infection by Ascaris Lumbricoides,4
301,Infection due to Entamoeba Histolytica,4
302,Schistosoma Mansonii Infection,4
303,STOOL EXAM,2
304,BRUCELLA TEST,2
305,WIDAL TEST,2
306,OEDEMA,2
307,HYPEREMESIS GRAVIDARUM,4
308,AST,1
309,ALT/SGPT,1
310,CD4 PANEL,4
311,Oral contraceptive pills,4
312,"POLIO VACCINATION, ORAL",2
313,Creatinine,1
314,URINARY ALBUMIN,1
315,VIRAL LOAD,1
316,BACILLE CAMILE-GUERIN VACCINATION,2
317,SERUM GLUCOSE,1
318,VARICELLA,4
319,PENTAVALENT PNEUMOVAX,10
320,DIPHTHERIA TETANUS AND PERTUSSIS VACCINATION,2
321,HEPATITIS B VACCINATION,4
322,"DIPHTHERIA TOXOID / HEPATITIS B VACCINES / PERTUSSIS, ACELLULAR / TETANUS TOXOID / HAEMOPHILUS CAPSULAR OLIGOSACCHARIDE",4
323,HEMOPHILUS INFLUENZA B VACCINATION,4
324,"POLIO VACCINATION, INACTIVATED",10
325,YELLOW FEVER VACCINATION,4
326,"Measles Virus Vaccine Live, Enders' attenuated Edmonston strain / Mumps Virus Vaccine Live, Jeryl Lynn Strain / Rubella Virus Vaccine Live (Wistar RA 27-3 Strain)",4
327,IMMUNIZATIONS,2
328,CONSTIPATION,4
329,HEMATOCRIT (HCT),1
330,PLATELETS,1
331,WBC,1
332,RED BLOOD CELLS,1
333,MEAN CORPUSCULAR VOLUME,1
334,RED CELL DISTRIBUTION WIDTH,1
335,MEAN CORPUSCULAR HEMOGLOBIN,1
336,MEAN CELL HEMOGLOBIN CONCENTRATION,1
337,COMPLETE BLOOD COUNT,4
338,"HIV DNA POLYMERASE CHAIN REACTION, QUALITATIVE",2
339,EQUIVOCAL,4
340,SYPHILIS RESULT,2
341,"HIV RAPID TEST 1, QUALITATIVE",2
342,Procedure Refused,4
343,"HIV ENZYME IMMUNOASSAY, QUALITATIVE",2
344,"HIV WESTERN BLOT, QUALITATIVE",2
345,PARITY,1
346,LIVING WITH PARTNER,4
347,SEPARATED,4
348,Single,4
349,WIDOWED,4
350,MARRIED,4
351,DIVORCED,4
352,MARITAL STATUS,2
353,BLOOD TRANSFUSION,10
354,NOT DONE,4
355,TOTAL MATERNAL TO CHILD TRANSMISSION PROPHYLAXIS,2
356,HIV INFECTED,2
357,Vag,2
358,Elect C/S,4
359,BREECH DELIVERY,4
360,MEDICAL RECORD OBSERVATIONS,4
361,RAPID PLASMA REAGIN,2
362,SPUTUM GRAM STAIN,2
363,ORDER FOR THREE SPUTUMS FOR AFB,4
364,ERYTHROCYTE SEDIMENTATION RATE,1
365,Na+,1
366,SERUM CHLORIDE,1
367,SERUM CARBON DIOXIDE,1
368,SERUM POTASSIUM,1
369,Serum Calcium,1
370,SERUM ELECTROLYTES,4
371,"STOOL FOR OVA AND CYSTS, QUALITATIVE",2
372,"COMPUTED TOMOGRAPHY SCAN, HEAD",2
373,FOUR PLUS,10
374,"MALARIA SMEAR, QUALITATIVE",2
375,Platelets count,1
376,Tuberculin Skin Test,1
378,TRACE,4
379,URINE PROTEIN (DIP STICK),2
380,URINE DIPSTICK,2
381,Electroencephalogram,4
382,TESTS ORDERED,2
383,MEDICATION ORDERS,2
384,LABORATORY ORDERS,2
385,PROBLEM LIST,4
386,"HIV RAPID TEST 2, QUALITATIVE",2
387,MID-UPPER ARM CIRCUMFERENCE,1
388,NUMBER OF NIGHTS IN PAST WEEK SLEPT UNDER A BEDNET,1
389,VILLAGE,3
390,HRS,10
390,HIGH RISK SEX,10
391,HIV Test,2
391,HIV Test,2
392,NORPLANT (IMPLANTABLE CONTRACEPTIVE),10
393,REQUESTS FAMILY PLANNING INFORMATION,10
394,AMBULANCE,10
395,OTHER FORM OF TRANSPORT,10
396,VILLAGE TRUCK,10
397,ARRIVED BY MOTORIZED PUBLIC TRANSPORTATION,10
398,ARRIVED BY FOOT,10
399,MODE OF TRANSPORT,2
400,CLINIC PROCEDURE,10
401,DEPO-PROVERA USE,10
402,SURGICAL STERILIZATION STATUS,10
403,JADELLE (IMPLANTABLE CONTRACEPTIVE),10
404,MEDROXYPROGESTERONE ACETATE,4
405,injectable/implantable hormones,4
406,NATURAL FAMILY PLANNING,4
407,INTRAUTERINE DEVICE,4
408,CERVICAL CAP,4
409,CURRENT CONTRACEPTIVE USE,2
410,History of Tuberculosis,10
411,HISTORY OF PRESENT ILLNESS,3
412,PHYSICAL EXAM,3
413,immunization date,6
413,VACCINATION DATE,6
414,IMMUNIZATION SEQUENCE NUMBER,1
415,VACCINE MANUFACTURER,3
416,VACCINE LOT NUMBER,3
417,IMMUNIZATION HISTORY,4
418,NUMBER OF SPOUSES,1
419,ANTENATAL VISIT NUMBER,1
420,INTENTIONAL PREGNANCY,2
421,LAST MENSTRUAL PERIOD,6
422,STI TREATMENT DATE,6
423,RHESUS,2
423,RH TYPE,2
424,Retained Placenta,4
425,"Pregnancy Complication, Habitual Aborter",4
426,LOW BIRTH-WEIGHT BABY,10
427,PROLONGED LABOR,2
428,DILATION AND CURETTAGE,10
429,PREGNANCY-INDUCED HYPERTENSION,4
430,RECTOVAGINAL FISTULA,4
431,GESTATIONAL DIABETES,10
432,Eclampsia,4
433,DIABETES MELLITUS,2
434,PAST PREGNANCY COMPLICATIONS,2
435,PLANNING PREGNANCY,10
436,PRENATAL VISIT REASON,2
436,ANTENATAL VISIT REASON,2
437,PARTNER'S HIV STATUS,2
438,HEART DISEASE,2
439,PNEUMONIA,4
440,SPOUSE CAUSE OF DEATH,2
441,WEEKS OF CURRENT GESTATION,1
442,FUNDUS,1
442,FUNDAL HEIGHT,1
443,FETAL HEART RATE,1
444,CURRENT IMMUNIZATION ORDERS,4
445,MEDICATION DISPENSED,1
446,MEDICATION STRENGTH,3
447,MEDICATION FORM,2
448,MEDICATION ORDERED AMOUNT,1
449,CURRENT MEDICATION ORDER,4
450,NO FETAL MOVEMENTS,10
451,SERUM GLUCOSE (MMOL),1
452,HAS HEALTH INSURANCE,10
453,DELIVERED AT HOME,10
454,Other drug allergy,3
455,HOME,4
456,HEALTH FACILITY,4
457,COMMUNITY HEALTH CARE WORKER,4
458,HEALTH CARE PROVIDER,4
459,FRIEND,4
460,HEALTH CLINIC/POST,4
461,PHARMACY,4
462,TRADITIONAL BIRTH ATTENDANT,4
463,TRADITIONAL HEALER,10
464,FAMILY MEMBER,4
465,HOSPITAL,4
466,LOCATIONS OF HEALTH CARE,2
467,ANTI-MALARIAL GIVEN,2
468,EN ROUTE TO HEALTH FACILITY,4
469,Primary Care Clinic,4
470,LOCATION OF BIRTH,2
471,Private midwife,4
472,Government midwife,4
473,MIDWIFE,4
474,CLINICAL OFFICER/DOCTOR,4
475,NURSE,4
476,DELIVERY ASSISTANT,2
477,Foot-Drop,4
478,Failure to Progress in Labor,4
479,Cord Round Neck,4
480,Premature Rupture of Membranes,4
481,LOSS OF CONSCIOUSNESS,2
482,Maternal Death,2
483,Postpartum Psychosis,4
484,Infection Specific to the Perinatal Period,4
485,Obstetrical Rupture of Uterus,4
486,neonatal death,4
487,Cardiac Arrest,4
488,vaginal discharge,4
489,COMPLICATIONS OF CURRENT PREGNANCY,2
490,DATE OF PREVIOUS DELIVERY,6
491,NEW ENCOUNTER,10
492,TRAINED BIRTH ATTENDANT,4
493,ANTENATAL CARE SERVICES,10
494,POSTNATAL CARE SERVICES,10
495,MATERNAL CHILD HEALTH VISIT PURPOSE,2
496,Hypertensive Disorder,4
497,PAST MEDICAL HISTORY ADDED,2
498,PERSONAL HISTORY OF BLOOD TRANSFUSION,4
499,Breast Disorder,4
500,CONGENITAL ABNORMALITY,4
501,Allergic Reaction to Drug,4
502,Platelet Thrombus,4
503,Family History of Multiple Birth Pregnancies,4
504,Complication of Anesthesia,4
505,PAST MEDICAL HISTORY,2
506,PAST MEDICAL HISTORY REMOVED,2
507,PREVIOUS CONTRACEPTIVE USE,2
508,TREATMENT SEQUENCE NUMBER,1
509,HISTORICAL DRUG START DATE,6
510,HISTORICAL DRUG STOP DATE,6
511,MEDICATION PROPHYLAXIS IN PREGNANCY,4
512,REFERRING CENTER,1
513,REGISTER SERIAL NUMBER,3
514,PATIENT REFERRED,10
515,REFERRING PERSON,1
515,REFERRER,1
516,PRIMARY SCHOOL EDUCATION,10
517,college/university/polytechnic,4
518,SECONDARY SCHOOL EDUCATION,10
519,HIGHEST EDUCATION LEVEL,2
520,WEEK(S),4
521,MINUTE(S),4
522,HOUR(S),4
523,DAY(S),4
524,MONTH(S),4
525,YEAR(S),4
526,DURATION UNITS,2
527,SIGN/SYMPTOM DURATION,1
527,Signs and Symptom Duration,1
528,SIGN/SYMPTOM NAME,2
529,SUDDENLY,4
530,FAST,4
531,SLOWLY,4
532,SIGN/SYMPTOMS ONSET (QUALITATIVE),2
533,SIGN/SYMPTOM PRESENT,2
534,SIGN/SYMPTOMS ONSET (QUANTITATIVE),1
535,SIGN/SYMPTOM START DATE,6
536,SIGNS AND SYMPTOMS,4
536,SIGNS AND SYMPTOMS INFO,4
537,INTRAVENOUS FLUID ADMINISTRATION,10
538,SLEPT UNDER A BEDNET IN LAST 30 DAYS,2
539,Number of abortions/miscarriages,1
540,COUGH LASTING MORE THAN 3 WEEKS,10
541,Coma,4
542,DERMATITIS,4
543,Peripheral Edema,4
544,Neonatal Skin Infection,4
545,Night Blindness,4
546,Feeding Problem,4
547,Postpartum Depression,4
548,DYSURIA,4
549,ABNORMAL VAGINAL BLEEDING,2
550,CONVULSIONS,2
551,Unable to drink fluids,2
552,SKIN COLD TO TOUCH,2
553,Blurred Vision,4
554,DEHYDRATION,4
555,JAUNDICE,4
556,PHYSICAL TRAUMA,4
557,Bleeding,4
558,HEMATOCHEZIA,2
559,Acute Vaginitis,4
560,Severe Headache,4
561,Fever in first trimester of pregnancy,2
562,Oliguria and Anuria,4
563,IRRITABILITY,2
564,OMPHALITIS OF THE NEWBORN,2
565,Slowness and Poor Responsiveness,4
566,Reasons for Referral,2
567,Danger Signs Set,4
568,DIASTOLIC BLOOD PRESSURE,1
569,PULSE,1
570,TEMPERATURE (C),1
571,HEIGHT (CM),1
572,ABDOMINAL TENDERNESS,4
573,WEAKNESS,2
574,PALLOR,4
575,PREGNANCY STATUS,2
576,NUMBER OF SEXUAL PARTNERS,1
577,ESTIMATED DATE OF CONFINEMENT,6
578,OTHER FAMILY MEMBER,3
579,GRAVIDA,1
580,Emrg C/S,4
581,Forceps or Vacuum Extractor Delivery,4
582,MODE OF DELIVERY,2
583,SHORTNESS OF BREATH AT REST,4
584,SHORTNESS OF BREATH WITH EXERTION,4
585,HEPATIC DISEASE,2
586,RENAL DISEASE,2
587,CARDIAC MURMUR,4
588,PROBLEM ADDED,2
589,PROBLEM RESOLVED,2
590,AMPICILLIN,4
591,ANDROSTENEDIONE,4
592,ERYTHROMYCIN,4
593,FLUOXYMESTERONE,4
594,FOLIC ACID,4
595,IRON,4
596,MENINGITIS VACCINE,4
597,METHYLTESTOSTERONE,4
598,NANDROLONE,4
599,"PENICILLIN G, BENZATHINE",4
600,RHO(D) IMMUNE GLOBULIN,4
601,TESTOSTERONE,4
602,VITAMIN A,4
603,ANDROSTENEDIONE / ZINC,4
604,BROMPHENIRAMINE / DEXTROMETHORPHAN / PSEUDOEPHEDRINE,4
605,BROMPHENIRAMINE / PSEUDOEPHEDRINE,4
606,CARBINOXAMINE / DEXTROMETHORPHAN / PSEUDOEPHEDRINE,4
607,CARBINOXAMINE / PSEUDOEPHEDRINE,4
608,CHLORPHENIRAMINE/PHENYLEPHRINE/PHENYLPROPANOLAMINE / PHENYLTOLOXAMINE,4
609,ESTRADIOL / TESTOSTERONE,4
610,Illiteracy,4
611,"Other Causes of Obstructed Labor, Unspecified as to Episode of Care",4
612,Infectious Viral Hepatitis,4
613,URINARY TRACT INFECTION,4
614,Trachoma,4
615,inhalant Abuse,4
616,Narcotic Abuse,4
617,Cocaine Abuse,4
618,Opioid Abuse,4
619,Cannabis Abuse,4
620,khat abuse,4
621,Barbiturate Abuse,4
622,Alcohol Abuse,4
623,Substance Abuse,2
624,Skin Ulcer,4
625,Sexually Transmitted Disease,4
626,Severe Pre-Eclampsia,4
627,Severe Preeclampsia,4
628,"Products of Conception, Retention",4
629,Retained Products of Conception,4
630,Retained Placenta Postpartum Condition or Complication,4
631,"Retained Placenta with Delivery, with Postpartum Complication",4
632,Decreased Fetal Movements,4
633,PSYCHOSIS,4
634,Pregnancy Induced Hypertension,4
635,Whooping Cough due to Bordetella Pertussis (P. Pertussis),4
636,Nutritional Disorder,4
637,MALNUTRITION,2
638,Nonpsychotic Mental Disorder,4
639,Malpresentation of Fetus,4
640,Low Birth Weight,4
641,LEPROSY,4
642,NEPHROPATHY,4
643,Pain in Joints,4
644,Inversion of Nipple,4
645,Intestinal Helminthiasis,4
646,Acute Ear Infection,4
647,SCHISTOSOMIASIS,4
648,Decreased Body Temperature,4
649,high blood pressure,4
650,High-Risk Pregnancy,4
651,Sickle-Cell Anemia,4
652,Grand Multiparity with Current Pregnancy,4
653,GONORRHEA,4
654,Forcep Deliv NOS-Deliver,4
655,Fetal Distress,4
656,Personal History of Reproductive and Obstetrical Problems,4
657,Female Reproductive System Disorder,4
658,Falciparum Malaria (Malignant Tertian),4
659,Excessive Vomiting in Pregnancy,4
660,"Eclampsia, with Delivery",4
661,Skin Disorder,4
662,Gynecological Disease,4
663,Diphtheria,4
665,Complication Related to Pregnancy,4
666,CATARACT,4
667,Bacterial Infection,4
668,Infection due to Bacteria,4
669,ASTHMA,2
670,Bite by Animal,4
671,ANEMIA,4
672,Cholera due to Vibrio Cholerae,4
673,"Blood Donor, Whole Blood",4
674,YELLOW FEVER,4
675,Yaws,4
676,HEPATITIS A,4
677,Urinary Tract Infection in Pregnancy,4
678,Urethrorrhoea,4
679,"Outcome of Delivery, Twins, Both Liveborn",4
680,Transverse Lie,4
681,Threatened Premature Labor - Not Delivered,4
682,Third Degree Perineal Laceration,4
683,Thalassaemia,4
684,Tetanus Neonatorum,4
685,TETANUS,2
686,Systemic Disease,4
687,Suppressed Urine Secretion,4
688,Spontaneous Abortion,4
689,Sore Nipple,4
690,SNAKE BITE,4
691,Septicaemia,4
692,Sepsis,4
693,Ruptured Membranes,4
694,Rhesus Isoimmunization with Antenatal Problem,4
695,Rhesus Isoimmunization Unspecified,4
696,Rhesus Isoimmunization Affecting Pregnancy,4
697,Reflux,4
698,Receptor-Positive Androgen Resistance Syndrome,4
699,fever of unknown origin,4
700,Prolonged Fever,4
701,Premature Labor,4
702,Pregnant - Planned,4
703,Poisoning by Androgen and/or Anabolic Congener,4
704,Palpitations,4
705,Oblique Lie,4
706,Nausea and Vomiting,2
707,MUMPS,4
708,Morning Sickness,4
709,Meningococcal Meningitis,4
710,MEASLES,4
711,Maternal Distress,4
712,Male Climacteric,4
713,"Malaria in Mother Complicating Pregnancy, Childbirth and/or Puerperium",4
714,Macerated Stillbirth,4
715,Insufficient Weight Gain of Pregnancy,4
716,INFECTION BY ONCHOCERCA VOLVULUS,4
717,Infection by Dracunculus Medinensis,4
718,Increased Frequency of Urination,4
719,Increased Androgen Level,4
720,Hypersecretion of Ovarian Androgens,4
721,HUMAN IMMUNODEFICIENCY VIRUS (HIV) DISEASE,2
722,Personal History of Abuse as Victim,4
723,Haemorrhage in Pregnancy,4
724,Fatigue During Pregnancy,4
725,Accidental Fall on or from Ladders or Scaffolding,4
726,Fall from Scaffold,4
727,Facial Swelling,4
728,Eye Infection,4
729,Excessive Weight Gain,4
730,s/p Elective Abortion,4
731,"Edema, Generalized",4
732,Drug Allergy,2
733,Domestic Violence,4
734,Disorder of Male Reproductive System,4
735,Disorder of Androgen Receptor,4
736,Disease of Mouth,4
737,"Diabetes Mellitus, Type II",4
738,Diabetes Mellitus Type 1,4
739,Deficient Urine Secretion,4
740,Chronic Cough,4
741,Chronic Abdominal Pain,4
742,Buruli Ulcer,4
743,Breech Presentation with Antenatal Problem,4
744,Breast Tenderness,4
745,Breast Lump,4
746,VAGINAL BLEEDING,2
747,"Anemia of Mother, Complicating Pregnancy, Childbirth, or the Puerperium, Unspecified as to Episode of Care",4
748,Androgen-Independent Hirsutism,4
749,Androgen-Dependent Hirsutism,4
750,Androgen Resistance Syndrome,4
751,Androgen Poisoning,4
752,Andes Disease,4
753,ALLERGY TO PENICILLIN,4
754,Acquired Benign Adrenal Androgenic Overactivity,4
755,Abortion with Sepsis,4
756,Abortion with Perforation of Uterus,4
757,Abnormal Respiratory Rate,4
758,"Outcome of Delivery, Twins, Both Stillborn",4
759,Still birth,4
760,Family History of Congenital Anomaly,4
761,"Liveborn, Unspecified Whether Single, Twin, or Multiple",4
762,Family History of Hypertension,4
763,Drug-Induced Androgenic Alopecia,4
764,Sexual Abuse,4
765,FAMILY HISTORY OF TUBERCULOSIS,2
766,Blood Type A+,4
767,Blood Type A-,4
768,Blood Type O+,4
769,Blood Type O-,4
770,Blood Type B-,4
771,Blood Type B+,4
772,Blood Type AB+,4
773,Blood Type AB-,4
774,Family History of Type 1 Diabetes Mellitus,4
775,Family History of Type 2 Diabetes Mellitus,4
776,abdominal pain complicating pregnancy,4
777,female genital ulcer disease,4
778,"NEONATAL DEATH IN PRIOR PREGNANCY, CURRENTLY PREGNANT",2
779,uterine perforation,4
780,acute poliomyelitis with paralysis,4
781,acute respiratory infection,4
782,acute urinary tract infection,4
783,tonsillar aspergillosis,4
784,Post HIV test counselling,2
785,Confirmed,4
786,Presumed,4
787,Diagnosis certainty,2
788,Able to read,10
789,N/A,4
790,Symptoms commenced with pregnancy,2
791,Disease of Respiratory System,4
792,MALARIA,4
793,Gastrointestinal Disorder,4
794,OBSTETRIC EMERGENCY,4
795,Primary reason for referral,2
796,aware of estimated date of delivery,2
797,White/yellow-green tinge lochia,4
798,Red-green tinge lochia,4
799,Lochia serosa,4
800,Pink/brown-green tinge lochia,4
801,lochia alba,4
802,Lochia rubra,4
803,Lochia type,2
804,manual vacuum aspiration,4
805,"glucose measurement, qualitative, urine",2
806,Condition of umbilical cord at delivery,2
807,Male involvement in patient care,2
808,"birth plan, planned location of delivery",2
809,lochia excessive,4
810,lochia foul smelling,4
811,"lochia, postnatal physical examination",2
812,supplemental feeding methods,4
813,insecticide treated bed net,2
814,breast care,4
815,BREASTFED PREDOMINATELY,4
816,BREASTFED EXCLUSIVELY,2
817,"birth plan, mother's preferred feeding method",2
818,"birth plan, mother's preferred location of delivery",2
819,"danger signs, pregnancy",4
820,antenatal counselling,2
821,Postnatal visit number,1
822,Therapeutic abortion procedure,4
823,Unsafe therapeutic abortion procedure,4
824,termination of pregnancy procedure type,2
825,Medication prophylaxis for infants,4
826,INTERMITTENT PREVENTIVE TREATMENT IN INFANCY WITH SULPHADOXINE-PYRIMETHAMINE,2
827,Meningococcal vaccination,4
828,Forceps delivery,2
829,Delivery by vacuum extraction,2
830,singleton,4
831,twins,4
832,triplets,4
833,Fresh Stillbirth,4
834,Qualitative birth outcome,2
835,s/p Syphilis treatment,2
836,s/p vesicovaginal fistula repair,4
837,Referral for vesicovaginal fistula repair,4
838,Vesico-vaginal fistula outcome,2
839,Deworming,2
840,Accepted family planning,2
841,Adverse Reaction to Sulfadoxine-Pyrimethamine,2
842,Method of operative termination of pregnancy,2
843,Illness,4
844,IN GOOD HEALTH,10
845,Newborn's health status,2
846,outreach clinic,4
847,school,4
848,Occupational injury,4
849,Detailed location information,3
850,primary,4
851,secondary,4
852,tertiary,4
853,Diagnosis order,2
854,Diagnosis date,6
855,Visit Diagnoses,4
856,Quantitative outcome of delivery,2
857,Uncomplicated malaria,4
858,DATE ENROLLED IN HIV CARE,6
859,DATE CONFIRMED HIV POSITIVE,6
860,CURRENT WHO HIV STAGE,2
861,WHO STAGE 1 ADULT,2
862,TUBERCULOSIS DISEASE STATUS,2
863,ART_INIT_DT,6
864,WHO STAGE 2 ADULT,2
865,WHO STAGE 3 ADULT,2
866,WHO STAGE 4 ADULT,2
867,COMPLETED TREATMENT FOR DISEASE,2
868,CURRENTLY ON INH PROPHYLAXIS,4
869,DISEASE DIAGNOSED,4
870,DISEASE SUSPECTED,4
871,NO SIGNS OR SYMPTOMS OF DISEASE,4
872,ON TREATMENT FOR DISEASE,4
873,SPUTUM SAMPLE SENT FOR TESTING,4
874,PRE TEST COUNSELING TYPE,2
875,GROUP HIV PRE-TEST COUNSELING,2
876,INDIVIDUAL HIV PRE-TEST COUNSELING,4
877,ACCEPTS HIV TEST,2
878,HIV STATUS DISCLOSED TO PARTNER,2
879,FAMILY COUNSELING,2
880,HOME BASED CARE,2
881,CLEAN WATER COUNSELING,2
882,DAY CARE SERVICES,2
883,PREVENTION WITH POSITIVES COUNSELING,2
884,MEDICAL OUTPATIENT,2
885,SYMPTOMATIC TREATMENT,2
886,MISSED APPOINTMENT,4
887,MISSED PHARMACY REFILL,4
888,COUPLE TESTING,4
889,REASON FOR TRACKING,2
890,NAME OF PERSON WHO ATTEMPTED CONTACT,3
891,HOME PHONE,1
892,HOME VISIT,4
893,MODE OF COMMUNICATION,2
894,GUARDIAN,4
895,TREATMENT PARTNER,2
896,PERSON CONTACTED,2
897,LACK OF MONEY FOR TRANSPORT,4
898,NO TRANSPORT,4
899,PATIENT FORGOT,4
900,FELT BETTER,4
901,NOT PERMITTED TO LEAVE WORK,4
902,LOST APPOINTMENT CARD,4
903,STILL HAD DRUGS,4
904,TAKING HERBAL TREATMENT,2
905,REASON FOR DEFAULTING,2
906,UNEMPLOYED,4
907,TRADER,4
908,FARMER,4
909,DRIVER,4
910,TEACHER,4
911,CIVIL SERVANT,4
912,PUBLIC SERVANT,4
913,TAILOR,4
914,PETTI TRADER,4
915,OCCUPATION,2
916,NAME OF HUSBAND,3
917,HERDSMAN,4
918,HUSBANDS OCCUPATION,2
919,PREVIOUS SURGERY,4
920,ADDITIONAL COMMENTS,3
921,AGE AT PREGNANCY,1
922,ANTENATAL CARE DURING PREGNANCY,2
923,MALE,4
924,FEMALE,4
925,SEX OF CHILD,2
926,OBSTRUCTED LABOUR,4
927,CORD PROLAPSE,4
928,AGE OF CHILD,1
929,AGE AT DEATH,1
930,CONGENITAL DISORDER,2
931,ACCIDENT,4
932,CHILD CAUSE OF DEATH,2
933,FEBRAL ILLNESS,4
934,NUMBER OF PREVIOUS TETANUS TOXOID,1
935,GIDDINESS,4
936,CEPHALIC,4
937,PRESENTATION,2
938,LONGITUDINAL LIE,4
939,FUNDAL LIE,2
940,LEFT OCCIPUT ANTERIOR,4
941,RIGHT OCCIPUT ANTERIOR,4
942,LEFT OCCIPUT POSTERIOR,4
943,RIGHT OCCIPUT POSTERIOR,4
944,POSITION OF BABY,2
945,PRESENT,4
946,NOT PRESENT,4
947,FETAL HEART RATE (QUALITATIVE),2
948,DRUGS TAKEN DURING PREGNANCY,2
949,FANSIDAR,4
950,FERROUS SULPHATE,4
951,BIRTH WEIGHT (kg),1
952,ZIDOVUDINE,3
953,LAMIVUDINE,2
954,STAVUDINE,4
955,DIDANOSINE,4
956,ABACAVIR,4
957,TENOFOVIR,2
958,EMTRICITABINE,2
959,NEVIRAPINE,2
960,EFAVIRENZ,2
961,SAQUINAVIR/RITONAVIR,4
962,INDINAVIR/RITONAVIR,4
963,CTX,2
964,MISSED MEDICATIONS,2
965,ONE DOSE,4
966,TWO DOSES,4
967,ARV/OIs Medication Daily Dosing,2
968,NUMBER OF DOSES MISSED YESTERDAY,1
969,NUMBER OF DOSES MISSED LAST WEEK,1
970,NUMBER OF DOSES MISSED LAST MONTH,1
971,>= 95% ADHERENT,2
972,Patient Care Terminated,2
973,DATE OF TERMINATION,6
974,LOST TO FOLLOW UP,4
975,DEATH,4
976,DISCONTINUED CARE,2
977,REASON FOR TERMINATION,2
978,DATE TRANSFERRED,6
979,TRANSFERED OUT TO,3
980,SOURCE OF DEATH INFORMATION,3
981,SELF DISCONTINUATION,4
982,FORCED DISCONTINUATION,4
983,PATIENT MOVED,4
984,NEW COMPLAINTS,3
985,FATIGUE,2
986,"CANDIDIASIS, ORAL",4
987,MUSCLE PAIN,2
988,NUMBNESS OF LOWER LIMB,2
989,DEPRESSION,2
990,GENITAL DISCHARGE,2
991,LOSS OF MOTOR FUNCTION,2
992,LOWER EXTREMITY SWELLING,2
993,MEMORY LOSS,2
994,GENITAL SORES,2
995,PAINFUL URINATION,2
996,ILLNESS SINCE LAST VISIT,3
997,REASON FOR HOSPITALIZATION,3
998,DATE OF HOSPITALIZATION,6
999,TRADITIONAL MEDICATIONS,2
1000,BODY MASS INDEX,1
1001,GENERAL APPEARANCE EXAMINATION,2
1002,HEAD AND NECK EXAMINATION,2
1003,EYE EXAMINATION,2
1004,"EAR, NOSE AND THROAT EXAMINATION",2
1005,RESPIRATORY EXAMINATION,2
1006,CARDIOVASCULAR EXAMINATION,2
1007,ABDOMEN EXAMINATION,2
1008,GASTROINTESTINAL EXAMINATION,2
1009,Working,2
1010,Ambulatory,4
1011,BEDRIDDEN LESS THAN 50% OF THE DAY IN LAST MONTH,4
1012,Bedridden,4
1013,FUNCTIONAL STATUS,2
1014,PROBLEM TAKING MEDICATIONS,2
1015,HIV STAGING - PERSISTENT GENERALIZED LYMPHADENOPATHY,2
1016,PERFORMANCE SCALE 1,2
1017,WEIGHT LOSS LESS THAN TEN PERCENT,2
1018,HIV STAGING - MINOR MUCOCUTANEOUS MANIFESTATIONS,2
1019,HERPES ZOSTER,2
1020,HIV STAGING - RECURRENT UPPER RESPIRATORY INFECTION,2
1021,PERFORMANCE SCALE 2,2
1022,WEIGHT LOSS MORE THAN TEN PERCENT,2
1023,"DIARRHEA, CHRONIC",2
1024,HIV STAGING - PERSISTENT FEVER,2
1025,"HIV STAGING - CANDIDIASIS, ORORESPIRATORY TRACT",2
1026,ORAL HAIRY LEUKOPLAKIA,2
1027,HIV STAGING - SEVERE BACTERIAL INFECTION,2
1028,PERFORMANCE SCALE 3,2
1029,WASTING SYNDROME,2
1030,PNEUMOCYSTIC CARINII PNEUMONIA,2
1031,"TOXOPLASMOSIS, CENTRAL NERVOUS SYSTEM",2
1032,HIV STAGING - CRYPTOSPORIDIOSIS,2
1033,"HIV STAGING - CRYPTOCOCCOSIS, EXTRAPULMONARY",2
1034,HIV STAGING - CYTOMEGALOVIRUS DISEASE,2
1035,HERPES SIMPLEX,2
1036,PROGRESSIVE MULTIFOCAL LEUKOENCEPHALOPATHY,2
1037,HIV STAGING - DISSEMINATED ENDEMIC MYCOSIS,2
1038,"HIV STAGING - MYCOBACTERIUM, OTHER",2
1039,HIV STAGING - SALMONELLA SEPTICEMIA,2
1040,EXTRAPULMONARY TUBERCULOSIS,2
1041,HIV STAGING - LYMPHOMA,2
1042,KAPOSI'S lesions,2
1043,ENCEPHALOPATHY,2
1044,PERFORMANCE SCALE 4,2
1045,"TUBERCULOSIS, REVIEW OF SCREENING QUESTIONS",2
1046,DEMENTIA,4
1047,SHORTNESS OF BREATH,4
1048,Pain - Legs/feet,4
1049,PARENT,4
1050,CONTACT PERSON,2
1051,NAME OF CONTACT PERSON,3
1052,CARE ENTRY POINT,2
1053,ANC/PMTCT,4
1054,YOUTH/ADOLESCENT,4
1055,TB OUTPATIENT,4
1056,STI OUTPATIENT,4
1057,PRIVATE/COMMERCIAL HEALTH FACILITY,4
1058,SEX WORKER OUTREACH,4
1059,SELF REFERRAL,4
1060,SUPPORT GROUP,4
1061,PEOPLE LIVING WITH HIV AIDS,4
1062,BLOOD DONATION,4
1063,NICU/SCBU,4
1064,EPU,4
1065,U5 CLINIC,4
1066,GENERAL OUTPATIENT DEPARTMENT,4
1067,PAEDIATRIC WARD,4
1068,ALIVE,4
1069,MOTHER'S HEALTH STATUS,2
1070,MOTHER'S NAME,3
1071,MOTHER'S ADDRESS,3
1072,FATHER'S HEALTH STATUS,2
1073,FATHER'S NAME,3
1074,FATHER'S ADDRESS,3
1075,PARENTS CIVIL STATUS,2
1076,EMPLOYED,4
1077,PARENTS/CAREGIVERS OCCUPATION,2
1078,Qur'anic,4
1079,EDUCATION LEVEL,2
1080,ENGLISH LANGUAGE,4
1081,HAUSA LANGUAGE,4
1082,YORUBA LANGUAGE,4
1083,PREFERRED LANGUAGE,2
1084,TRANSPORT TIME TO HOSPITAL (MIN),1
1085,TOTAL NUMBER OF DEPENDENTS AT HOME,1
1086,TOTAL NUMBER OF DEPENDENTS UNDER 18 YRS,1
1087,FAILURE TO GAIN WEIGHT,4
1088,VISUAL PROBLEMS,2
1089,REGRESSED MILESTONES,4
1090,CRYPTOSPORIDIOSIS WITH DIARRHEA,4
1091,HOSPITALIZED SINCE LAST VISIT,2
1092,EXCLUSIVE BREAST MILK SUBSTITUTE,4
1093,MIXED BREASTFED/MILK SUBSTITUTE,4
1094,MIXED BREASTFED/COMPLEMENTARY,4
1095,MIXED MILK FEEDING,4
1096,WEANED,4
1097,NUTRITIONAL SUPPLEMENT,4
1098,REGULAR DIET,4
1099,INFANT FEEDING METHOD,2
1100,AGE WEANED,1
1101,PATIENT RECEIVED ADHERENCE COUNSELING,2
1102,CAREGIVER RECEIVED ADHERENCE COUNSELING,2
1103,IMMUNIZATIONS UP TO DATE,2
1104,BODY SURFACE AREA,1
1105,HEAD CIRCUMFERENCE ,1
1106,ANORECTAL EXAMINATION,2
1107,GENITOURINARY EXAM FINDINGS,2
1108,LYMPH NODE EXAM FINDINGS,2
1109,SKIN EXAM FINDINGS,2
1110,EXTREMITY EXAM FINDINGS,2
1111,MUSCULOSKELETAL EXAM FINDINGS,2
1112,PSYCHIATRIC EXAM FINDINGS,2
1113,NEUROLOGIC EXAM FINDINGS,2
1114,DEVELOPMENTALLY APPROPRIATE,4
1115,DELAY OF MILESTONES,4
1116,DEVELOPMENTAL STATUS,2
1117,COGNITION STATUS,2
1118,GROWTH MOTOR STATUS,2
1119,FINE MOTOR STATUS,2
1120,LANGUAGE STATUS,2
1121,WHO STAGE 1 PEDS,2
1122,WHO STAGE 2 PEDS,2
1123,WHO STAGE 3 PEDS,2
1124,WHO STAGE 4 PEDS,2
1125,HEPATOSPLENOMEGALY,4
1126,PAPULAR PRURITIC ERUPTION,4
1127,ONYCHOMYCOSIS,4
1128,ANGULAR CHEILITIS,4
1129,LINEAR GINGIVAL ERYTHRMA,4
1130,HUMAN PAPILLOMAVIRUS,4
1131,MOLLUSCUM CONTAGIOSUM,4
1132,RECURRENT ORAL ULCER,3
1133,PAROTID ENLARGEMENT,4
1134,MALNUTRITION OF MODERATE DEGREE,4
1135,HIV STAGING - RECURRENT BACTERIAL PNEUMONIA,4
1136,ULCERATIVE GINGIVITIS,4
1137,NEUTROPENIA DUE TO INFECTION,4
1138,CARDIOMYOPATHY,4
1139,FAILURE TO THRIVE,4
1140,CHRONIC OROLABIL OR CUTANEOUS HSV,4
1141,ESOPHAGEAL CANDIDIASIS,4
1142,"MENINGITIS, CRYPTOCOCCAL",4
1143,"CANDIDA OF TRACHEA, BRONCHI, OR LUNGS",4
1144,DIFFUSE NON-HODGKIN'S LYMPHOMA,4
1145,Image upload,13
1146,REASON FOR SCHEDULED VISIT,2
1147,Other CAUSE OF DEATH,3
1148,REASON ORDER STOPPED,2
1149,ASCORBIC ACID TOTAL,2
1150,BASOPHILS,1
1151,TOTAL BILIRUBIN,2
1152,BLOOD TEST,2
1153,CD4 %,1
1154,CRYPTOCOCCAL ANTIGEN,2
1155,DRUG RESISTANCE TESTING,3
1156,EOSINOPHILS %,1
1157,HEPATITIS B TEST - QUALITATIVE,2
1158,HEPATITIS C TEST - QUALITATIVE,2
1159,HDL,1
1160,HIV 1,4
1161,HIV 2,4
1162,HIV SEROTYPE,2
1163,KETONES TOTAL,2
1164,LEUCOCYTES TOTAL,2
1165,LIPID PROFILE,1
1166,LIVER FUNCTION TEST,3
1167,LDL,1
1168,LYMPHOCYTES %,1
1169,MONOCYTES,1
1170,NEUTROPHILS %,1
1171,NITRITES TOTAL,2
1172,pH LEVEL,1
1173,TOTAL PROTEIN,2
1174,SPECIFIC GRAVITY,1
1175,TOTAL CHOLESTEROL,1
1176,TRIGLYCERIDES,1
1177,URINALYSIS RESULT,1
1178,UROBILINOGEN,2
1179,CHILD HEALTH CARD,4
1180,SCHEDULED VISIT,4
1181,HIV Care,4
1182,PEDIATRIC ARV,4
1183,ORPHANS AND VULNERABLE CHILDREN,4
1184,LAMIVUDINE/NEVIRAPINE/ZIDOVUDINE,4
1185,STAVUDINE/LAMIVUDINE,4
1186,INDINAVIR,2
1187,RITONOVIR,2
1188,SAQUINAVIR,2
1189,TENOFOVIR/LAMIVUDINE,2
1190,TENOFOVIR/EMTRICITABINE,2
1191,ABACAVIR / LAMIVUDINE,4
1192,ACYCLOVIR,4
1193,AMOXICILLIN,4
1194,AZITHROMYCIN,4
1195,BENZOIC ACID/SALICYLIC ACID CREAM,4
1196,CEFTRIAXONE IV,4
1197,CHLORPHENIRAMINE MALEATE,4
1198,DAPSONE,2
1199,FERROUS GLUCONATE,4
1200,FLUOXETINE,4
1201,FLUCONAZOLE,2
1202,HYDROCORTISONE ACETATE,4
1203,IBUPROFEN,4
1204,LOPERAMIDE,4
1205,LORATADINE,4
1206,METOCLOPRAMIDE,4
1207,METRONIDAZOLE,4
1208,MULTIVITAMIN,4
1209,NYSTATIN SOLUTION,4
1210,ORAL REHYDRATION SALT,4
1211,SULFADOXINE/PYRIMETHAMINE,4
1212,TRAMADOL,4
1213,NELFINAVIR,2
1214,ALBENDAZOLE,4
1215,ARTEMETHER-LUMEFANTRINE,4
1216,CLOTRIMAZOLE VAG. PRESSARY,4
1217,ACTION MEAL,1
1218,PYRIZINAMIDE,4
1219,ZIDOVUDINE/LAMIVUDINE/EFAVIRENZ,4
1220,Stavudine/Lamivudine/Efavirenz ,4
1221,ABACAVIR/LAMIVUDINE/NEVIRAPINE,4
1222,ABACAVIR/LAMIVUDINE/EFAVIRENZ ,4
1223,ABACAVIR/LAMIVUDINE/ZIDOVUDINE,4
1224,NEVIRAPINE/TENOFOVIR/EMTRICITABINE,4
1225,NEVIRAPINE/TENOFOVIR/LAMIVUDINE,4
1226,EFAVIRENZ/TENOFOVIR/EMTRICITABINE,4
1227,TENOFOVIR/LAMIVUDINE/EFAVIRENZ,4
1227,TENOFOVIR/LAMIVUDINE/EFAVIRENZ,4
1228,ABACAVIR/DIDANOSINE/KALETRA,4
1229,ZIDOVUDINE/DIDANOSINE/KALETRA,4
1230,LAMIVUDINE/DIDANOSINE/KALETRA,4
1231,DIDANOSINE/EFAVIRENZ/KALETRA,4
1232,KALETRA/TENOFOVIR/EMTRICITABINE,4
1233,KALETRA/TENOFOVIR/LAMIVUDINE,4
1234,KALETRA/ZIDOVUDINE/LAMIVUDINE,4
1235,KALETRA/TENOFOVIR/ZIDOVUDINE/EMTRICITABINE,4
1236,KALETRA/TENOFOVIR/ZIDOVUDINE/LAMIVUDINE,4
1237,SAQUINAVIR/TENOFOVIR/EMTRICITABINE,4
1238,SAQUINAVIR/TENOFOVIR/LAMIVUDINE,4
1239,AMYTRYPTILINE,4
1240,ARTEMETER,4
1241,PROMETHAZINE / PSEUDOEPHEDRINE,4
1242,PRIMARY CARE PROGRAM,4
1243,ANTENATAL CARE PROGRAM,4
1244,DISCHARGE DATE,6
1245,PAST MEDICAL PROBLEMS,3
1246,PREVIOUS ARV EXPOSURE,2
1247,PREVIOUS PMTCT TREATMENT DATES,3
1248,TREAMENT DATES,3
1249,Community Support Person,2
1250,Management of HIV/AIDS,2
1251,ADHERENCE IMPORTANCE,2
1252,HIV/AIDS BASICS,2
1253,MEDICATION CALENDER,2
1254,DATE OF LAST CONTACT,6
1255,DATE OF MISSED APPOINTMENT,6
1256,TREATMENT STATUS,2
1257,NOT ON ART,4
1258,ON ART,4
1259,ON PMTCT,4
1260,SUPPORT PERSON AT VISIT,2
1261,NUMBER FEMALE SUPPORTERS,1
1262,NUMBER MALE SUPPORTERS,1
1263,ABILITY TO MEET ADL IN PAST MONTH,2
1264,INDEPENDENT,4
1265,MODERATE SYMPTOMS,4
1266,SEVERE SYMPTOMS,4
1267,WILLING FOR HBC REFERRAL,2
1268,HAS PATIENT RECEIVED HBC SERVICES SINCE LAST VISIT,2
1269,Home based care interventions provided,2
1270,ACTIVITIES OF DAILY LIVING,4
1271,ADHERENCE SUPPORT,4
1272,REFERALS,4
1273,CURRENT PAIN,2
1274,PAIN INTENSITY (0-10),2
1275,PAIN INTENSITY (1-5),1
1276,PAIN INTENSITY (FACES),3
1277,MODERATE,4
1278,A LITTLE,4
1279,VERY MUCH,4
1280,EXTREME,4
1281,EXTENT PAIN PREVENTS ADL,2
1282,MEDICAL TREATMENT FOR ADL,2
1283,MEDICATION NAME,3
1284,MEDICATION DOSE,3
1285,MEDICATION FREQUENCY,3
1286,PRESCRIBED BY DOCTOR,4
1287,PRESCRIBED BY TRADITIONAL HEALER,4
1288,METHOD OF OBTAINING MEDICATION,2
1289,USE PAIN RELIEF,2
1290,SUFFICIENT PAIN CONTROL,2
1291,EDUCATED PATIENT ON DOSAGE OF PAIN MANAGMENT,2
1292,EDUCATED PATIENT ON NON PHARMACOLOGICAL INTERVENTIONS,2
1293,NUMBER OF FAMILY MEMBERS IN HOUSEHOLD,1
1294,NUMBER OF EMPLOYED FAMILY MEMBERS,1
1295,NUMBER OF CHILDREN,1
1296,DO YOU HAVE CHILDREN,2
1297,NUMBER OF CHILDREN TESTED FOR HIV,1
1298,NUMBER OF FAMILY MEMBERS TESTED POSITIVE FOR HIV,1
1299,FAMILY MEMBERS RECEIVING HIV CARE,2
1300,FAMILY MEMBER DIED FROM HIV,2
1301,NUMBER OF FAMILY MEMBERS WHO DIED OF HIV,1
1302,NUMBER OF SEXUAL PARTNERS (LAST 6 MONTHS),1
1303,REFUSED TO ANSWER,4
1304,SEXUAL PARTNERS IN LAST 6 MONTHS,2
1305,PARTNERS SEX,2
1306,REGULAR,4
1307,CASUAL,4
1308,RELATIONSHIP TYPE,2
1309,PARTNERS AGE,1
1310,ALWAYS,4
1311,SOMETIMES,4
1312,Never,4
1313,FREQUENCY OF CONDOM USE,2
1314,PARTNER TESTED FOR HIV/STI IN THE PAST 6 MONTHS,2
1315,PARTNER EVER HAD STI,2
1316,PARTNERS CHANCE OF HAVING HIV,1
1317,WILL BRING PARTNER FOR HCT,2
1318,ABSTINENCE,4
1319,SAFER SEX METHOD,2
1320,USE OF INTRAVAGINAL PREPARATIONS,2
1321,HAD SEX WHILE UNDER THE INFLUENCE,2
1322,DIAGNOSED WITH STI IN LAST 6 MONTHS,2
1323,PARTNER DIAGNOSED WITH STI IN LAST 6 MONTHS,2
1324,PAIN ON URINATION IN LAST 6 MONTHS,2
1325,GENITAL SORES IN LAST 6 MONTHS,2
1326,PLANNING ON BECOMING PREGNANT,2
1327,STI TREATMENT PROVIDED,2
1328,STI COUNCELING,4
1329,CONDOM EDUCATION,4
1330,A LOT,4
1331,REGRETS ABOUT PREVIOUS LIFE,2
1332,ANGRY ABOUT HIV RISK BEHAVIOUR,2
1333,LIMIT PERSONAL INFORMATION,2
1334,AFRAID TO DISCLOSE HIV STATUS,2
1335,AFRAID TO DISCLOSE HIV STATUS TO FAMILY,2
1336,AFRAID PEOPLE AT WORK WILL KNOW HIV STATUS,2
1337,AFRAID TO LOSE INCOME BECAUSE OF HIV STATUS,2
1338,FELT IN CONTROL OF LIFE,2
1339,PARTNER,4
1340,HIV STATUS DISCLOSED TO,2
1341,DIFFICULTY LIVING THE WAY PATIENT DESIRES,2
1342,NOT ENOUGH MONEY TO CARE FOR PATIENT,2
1343,"NO PROBLEMS WITH MEDICATION TIME, DOSE, OR SIDE EFFECTS",4
1344,HAVING SOME DIFFICULTY,4
1345,NOT COPING,4
1346,HOW IS PATIENT COPING WITH MEDICATION,2
1347,HOUSE OF WORSHIP,4
1348,WHO HELPS COPE WITH STATUS,2
1349,PIPED TAP WATER,4
1350,WELL (WATER),4
1351,RIVER / STREAM,4
1352,COMMUNITY TAP,4
1353,SOURCE OF WATER,2
1354,BOILING,4
1355,WATER GUARD,4
1356,HOW DOES PATIENT PREPARE DRINKING WATER,2
1357,STORE WATER,2
1358,JERI CAN,4
1359,BUCKET,4
1360,CLAY POT,4
1361,WATER STORAGE LOCATION,2
1362,WATER SAFETY MEASURES SUFFICIENT,2
1363,SAFE WATER SYSTEM PROVIDED,2
1364,Number of insecticide treated mosquito nets,1
1365,ARE BED NETS TREATED,2
1366,SUFFICIENT NUMBER OF BED NETS IN HOUSE,2
1367,"Educated on malaria health risks and benefits of prevention methods, instruction on net use",4
1368,ITN PROVIDED,2
1369,Malaria IPT,2
1370,1-2 TIMES,4
1371,3-10 TIMES,4
1372,MORE THAN 10 TIMES,4
1373,NUMBER OF TIMES PATIENT WORRIED NOT ENOUGH FOOD,2
1374,NUMBER OF TIMES NOT ENOUGH FOOD,2
1375,NUMBER OF TIMES NO FOOD FOR WHOLE DAY,2
1376,ACCESS TO ADDITIONAL FOOD,2
1377,TAKING FOOD SUPPLEMENTS,2
1378,ACTION MEAL PRESCRIBED,2
1379,FOOD BANK,4
1380,NUTRITIONIST,4
1381,LACA FOOD DISTRIBUTION,4
1382,NGO,4
1383,FOOD BY PRESCRIPTION,4
1384,IEC MATERIALS PROVIDED,4
1385,POSITIVE LIVING INFORMATION,4
1386,SYMPTOM AND PAIN FACT SHEET,4
1387,SOCIAL WORKER,4
1388,COUNSELOR,4
1389,REFERENCE LEADER,4
1390,USE PILL BOX,2
1391,USE ALARM OR TEXT MESSAGE,4
1392,PILL TAKEN WITH DAILY ROUTINE,4
1393,USE PATIENT EDUCATIONAL MODULES,4
1394,MEDICATION PRACTICE TRIAL,4
1395,TREATMENT SUPPORT SPECIALIST,4
1396,TREATMENT PREPARATION,2
1397,POOR,4
1398,GOOD,4
1399,VERY GOOD,4
1400,PERFECT,4
1401,ADHERENCE OVER LAST MONTH (self reported),2
1402,CLINIC STAFF,4
1403,SUPPORT GROUP MEMBER,4
1404,SPIRITUAL LEADER,4
1405,SON,4
1406,DAUGHTER,4
1407,BROTHER,4
1408,SISTER,4
1409,UNCLE,4
1410,AUNT,4
1411,FATHER,4
1412,MOTHER,4
1413,REASONS FOR MISSING MEDICATIONS SINCE LAST VIST,2
1414,FELL ASLEEP,4
1415,ROUTINE CHANGE,4
1416,BUSY,4
1417,BECAME PREGNANT,4
1418,LOST MEDICATION,4
1419,FELT SICK,4
1420,SIDE EFFECTS,4
1421,FELT DEPRESSED,4
1422,DID NOT UNDERSTAND HOW TO TAKE MEDICATION,4
1423,STIGMA,4
1424,DID NOT WANT TO TAKE MEDICATION,4
1425,TOO MANY PILLS,4
1426,RELIGIOUS REASONS,4
1427,CLINICAL FAILURE,4
1428,CHILD REFUSES MEDICATION,4
1429,CHILD SPITS MEDICATION OUT,4
1430,CHILD VOMITS MEDICATION,4
1431,CAREGIVER DID NOT WANT TO GIVE MEDICATION,4
1432,CAREGIVER MOVED,4
1433,CHANGE IN CAREGIVER,4
1434,BARRIERS TO BECOME ADHERENT,2
1435,COST,4
1436,HEALTH BELIEFS,4
1437,HIV KNOWLEDGE,4
1438,HEALTH OF PATIENT,4
1439,DISCLOSURE OF STATUS,4
1440,LIFE STYLE,4
1441,AWAY FROM HOME,4
1442,WORK / STUDY,4
1443,STRESSED,4
1444,TRUST AND CONFIDENCE,4
1445,POOR COMMUNICATION,4
1446,POOR PATIENT EDUCATION,4
1447,ADHERENCE TEAM SUPPORT,4
1448,PROVIDER SUPPORT,4
1449,CULTURAL / RELIGIOUS SENSITIVITY,4
1450,DRUG SUPPLY,4
1451,WAITING TIME,4
1452,FAMILY SUPPORT,4
1453,IMPROVE JOB SKILLS,4
1454,INFLUENCE OF OTHERS,4
1455,TRANSPORT TO CLINIC,4
1456,STI REFERRAL,4
1457,WELFARE ASSISTANCE,4
1458,FINANCIAL SUPPORT,4
1459,PEER COUNSELING,4
1460,YOUTH SUPPORT GROUP,4
1461,TREATMENT SUPPORT,4
1462,PEP SERVICES,4
1463,MICRO FINANCE,4
1464,OB / GYN SERVICES,4
1465,COUNSELING,4
1466,RECREATIONAL ACTIVITIES,4
1467,LIFE SKILLS SUPPORT,4
1468,FOOD AND NUTRITIONAL SUPPLEMENTS,4
1469,TRAINING ON HOUSEHOLD FOOD SECURITY,4
1470,PREVENTIVE CARE,4
1471,HEALTH EDUCATION,4
1472,CURATIVE CARE,4
1473,EDUCATIONAL MATERIALS,4
1474,SCHOOL FEES/LEVIES WAIVER,4
1475,SCHOOL VISIT / PERFORMANCE ASSESSMENT,4
1476,LEGAL SERVICE,4
1477,BIRTH CERTIFICATE,2
1478,SUCCESSION PLANNING,4
1479,ACCOMMODATION,4
1480,REINTEGRATION INTO FAMILY,4
1481,FOSTER PARENTS,4
1482,VOCATIONAL / APPRENTICESHIP TRAINING,4
1483,VERY BAD,4
1484,BAD,4
1485,FAIR,4
1486,FOOD SECURITY STATUS,2
1487,NUTRITION AND GROWTH STATUS,2
1488,SHELTER STATUS,2
1489,CARE STATUS,2
1490,ABUSE AND EXPLOITATION STATUS,2
1491,LEGAL PROTECTION STATUS,2
1492,WELLNESS STATUS,2
1493,HEALTH CARE SERVICES STATUS,2
1494,EMOTIONAL HEALTH STATUS,2
1495,SOCIAL BEHAVIOR STATUS,2
1496,PERFORMANCE STATUS,2
1497,SCHOOL AND WORK STATUS,2
1498,AGE GREATER THAN 18,4
1499,URBAN,4
1500,RURAL,4
1501,RESIDENCE TYPE,2
1502,MATERNAL ORPHAN,4
1503,PATERNAL ORPHAN,4
1504,DOUBLE ORPHAN,4
1505,STREET CHILD,4
1506,CHILD LABOURER,4
1507,CHILD LIVING IN CHILD HEADED HOUSEHOLD,4
1508,CHILD WITH DISABILITY,4
1509,VULNERABILITY STATUS,2
1510,ATTENDING SCHOOL,2
1511,NAME OF HOUSEHOLD HEAD,3
1512,SEX OF HOUSEHOLD HEAD,2
1513,AGE OF HOUSEHOLD HEAD,1
1514,ADDRESS OF HOUSEHOLD HEAD,3
1515,TELEPHONE OF HOUSEHOLD HEAD,1
1516,OCCUPATION OF HOUSEHOLD HEAD,3
1517,NEIGHBOUR,4
1518,RELATIONSHIP TO CHILD,2
1519,Igbo,4
1520,Student,4
1521,Retired,4
1522,Seperated,4
1523,Post Secondary,4
1524,Started Primary,4
1525,Completed Primary,4
1526,Drug Refil,3
1527,Spouse,4
1528,T.Bilirubin,1
1529,Amylase,1
1530,Alk.Phosphatase,1
1531,Urea,1
1532,MXD,1
1533,ATAZANAVIR/RITONAVIR,4
1534,Lab Order,2
1535,Initial,4
1536,Follow-up,4
1537,Visit Type,2
1538,Instruction,2
1539,Refill Fastrack,10
1540,Substitution,10
1541,Switch,10
1542,Pickup Reason,2
1543,100mg,10
1544,150mg,10
1545,200mg,10
1546,300mg,10
1547,480mg,10
1548,400mg,10
1549,600mg,10
1550,800mg,10
1551,50mg,10
1552,960mg,10
1553,1g,10
1554,3 BD,10
1555,OD,10
1556,BD,10
1557,2 BD (w/RTV),10
1558,4 BD (w/RTV),10
1559,5 BD (w/RTV),10
1560,4BD (w/NNRTI),10
1561,3X/WK,10
1562,Nocte,10
1563,3 Nocte,10
1564,1 day,10
1565,2 days,10
1566,3 Days,10
1567,4 Days,10
1568,5 Days,10
1569,6 Days,10
1570,1 week,10
1571,2 Weeks,2
1572,3 Weeks,10
1573,1 Month,10
1574,2 Months,10
1575,3 Months,10
1576,6 Months,10
1577,Duration,2
1578,Frequency,2
1579,Qty Prescribed,3
1580,Qty Dispensed,3
1581,10mg/ml,10
1582,30mg,10
1583,60mg,10
1584,20mg/ml,10
1585,1mg/ml,10
1586,6mg,10
1587,12mg,10
1588,40mg,10
1589,25mg,10
1590,80mg/ml,10
1591,133.3:33.3mg,10
1592,8mg TMP/ml,4
1593,250mg,4
1594,INH,2
1595,PZI,2
1596,Other Drugs,3
1597,Drug Error,3
1598,Nature of Drug Error,3
1599,Consequence of Drug Error,3
1600,300mg/150mg,10
1601,300mg/200mg,10
1602,300mg/300mg,10
1603,300mg/50mg,10
1604,laborder1,10
1605,laborder2,10
1606,ART Drugs,2
1607,Presumed ARV side effects,2
1608,Suspect TB: refer for CXR,2
1609,Past,4
1610,ANC,4
1611,Labour,4
1612,Post-Partum,4
1613,Time of HIV Diagnosis,2
1614,ZDV,4
1615,Sd NVP Only,4
1616,Triple Prophylaxis,4
1617,HAART,4
1618,ARV therapy at 1st trimester,2
1619,ARV Regimen at 14 weeks,2
1620,ARV regimen at 28 - 33 weeks ,2
1621,Antiretroviral regimen at 34 - 37 Weeks ,2
1622,ARV therapy received at 39 - 40 Weeks,2
1623,Antiretroviral regimen at 40 weeks plus,2
1624,ARV regimen in Labour,2
1625,ARV regimen at Breast Feeding,2
1626,PMTCT client Completed ARV Course,2
1627,Child given sdNVP Within 72 hrs of life,2
1628,4 weeks,2
1629,6 Weeks,2
1630,Child given NVP for 6 Weeks,2
1631,For 2 weeks,2
1632,Tested for syphilis ,2
1633,Treated for syphilis ,2
1634,Hormonal,4
1635,Family Planning Methods,2
1636,Counseled for  Infant Feeding,2
1637,ART,4
1638,Pap Smear,4
1639,Woman referred,2
1640,1st,4
1640,1st Line,4
1641,2nd,4
1641,2nd Line,4
1642,In case of Twins,2
1643,Daily NVP,4
1644,Infant's  ARV,2
1645,Age at CTX Initiation,1
1646,Ever Breastfed,2
1647,baby is breastfed & covered with ARVs,2
1648,Date Sample collected,6
1649,Date Sample Sent,6
1650,Date Result Received at facility,6
1651,Result,2
1652,Date Caregiver Given Result,6
1653,Confirm Positive PCR,4
1654,Infant with Signs and Symptoms of HIV,4
1655,Follow-Up for Breastfed Child,4
1656,Previous Indeterminate Test,4
1657,Test +ve at 9 mths with rapid test kit,4
1658,Reason for 2nd PCR ,2
1659,2nd PCR,4
1660,1st PCR,4
1661,PCR,2
1662,Rapid Test Date,6
1663,Rapid Test Result,2
1664,Less than 9 months,10
1665,9-12months,10
1666,13-18 months,10
1667,Rapid test,2
1668,Date Referred to ART,6
1669,Sick,4
1670,Dead,4
1671,Well,4
1672,Child Outcome,2
1673,At 12 Months,10
1674,At 6 Months,10
1675,At 18 Months,10
1676,Child outcome period,2
1677,At 3 months,2
1678,Toddler ,4
1679,Preschooler,4
1680,School Age,4
1681,At Puberty,4
1682,Teenager,4
1683,Is Child a,2
1684,Growth level,2
1685,health problems,2
1686,Child immunized,2
1687,Tested for HIV by EID,2
1688,Assessed for TB,2
1689,child welfare clinic attendance,2
1690,caregiver educated,2
1691,CD4 Request,2
1692,chemistry test request,2
1693,Heamatology,2
1694,Heamatology,2
1695,Urinalysis Lab request,2
1696,Serology request,2
1697,Other lab request,2
1698,,2
1699,,4
1700,,4
1701,,4
1702,,4
1703,Date Clinically eligible for ART,6
1704,ANTI-TB DRUGS,4
1705,OPPORTUNISTIC INFECTIONS DRUGS,4
1706,FirstLine Drugs,4
1707,TB Completion Date,6
1708,Completed TB Treatment,2
1709,Delivered in Facility,2
1710,Referred in,2
1711,Child intake Status,2
1712,Prophylaxis Extended,2
1713,Date referredto Care,6
1714,Insomnia/Bad dreams,4
1715,Steven Johnson syndrome,4
1716,Neutrophils,1
1717,LYMPHOCYTES,1
1718,MONOCYTES %,1
1719,EOSINOPHILS ,1
1720,WBC %,1
1721,Date of New Regimen,6
1722,Due to New TB,4
1723,Virology failure,4
1724,Immunologic failure,4
1725,Reasons for Regimen Substitutions/Switches,2
1726,Date ART Restarted,6
1727,Date ART Stopped,6
1728,STOPPED,4
1729,ART Interruptions type,2
1730,Clinically Only,4
1731,Why Eligible,2
1732,Facility Transfered from,3
1733,CD4_ART_STRT,1
1734,WEIGHT_ART_STRT,1
1735,HEIGHT_ART_STRT,1
1736,Contact Person Address,3
1737, REASON EXITED CARE,2
1739,On Family Planning,4
1740,Not on Family Planning,4
1741,Family Planning Status,2
1742,Family Planning used,2
7777701,,4
7777702,,2
7777703,,2
7777704,,2
7777705,,2
7777706,,2
7777707,,2
7777708,,4
7777709,,4
7777710,,4
7777712,,4
7777713,,4
7777714,,4
7777715,,4
7777716,,4
7777717,,4
7777718,,4
7777719,,4
7777720,,4
7777721,,4
7777722,,4
7777723,,4
7777724,,4
7777725,,4
7777726,,4
7777727,,4
7777728,,4
7777729,,4
7777730,,4
7777731,,4
7777732,,4
7777733,,4
7777734,,4
7777735,,4
7777736,,4
7777737,,4
7777738,,4
7777739,,4
7777740,,4
7777741,,4
7777742,,4
7777743,,4
7777744,,4
7777745,,4
7777746,,4
7777747,How do I get to your House?,3
7777748,Land Mark,3
7777749,Name of Next of Kin,3
7777750,Next of Kin Phone Number,3
7777751,Junior Secondary,4
7777752,Senior Secondary,4
7777753,Relevant Family History,3
7777754,Commercial Sex worker,4
7777755,Long distance driver,4
7777756,Harmful traditional practice,4
7777757,Unprotected Sex,4
7777758,IDU,4
7777759,Risk Factor,2
7777760,Current Medication,2
7777761,Previous care facility,3
7777762,Duration of care from,6
7777763,Duration of care to,6
7777764,Transfer in with records,4
7777764,Earlier ARV Transfer in with records,4
7777765,PMTCT Only,4
7777766,Earlier ARV but not transfer in,4
7777767,Has never received ARVs,4
7777768,Previous care details,2
7777769,Participating in an adherence program,2
7777770,Missed ARV in the last 3 days,2
7777771,Couldn't adhere to schedule ,4
7777772,Patient preference,4
7777773,Doctor's Instruction,4
7777774,Never went back,4
7777775,Ran out of medication,4
7777776,Drugs not available,4
7777777,Number of days,1
7777778,Date treatment was interrupted,6
7777779,Treatment was interrupted,2
7777780,Treatment was stopped ,2
7777781,Date treatment was stopped ,6
7777782,why patient medication was stopped,2
7777783,HIV Status can be discussed with,3
7777784,Patient member of support group,2
7777785,Kidney problems,4
7777786,Liver problems,4
7777787,Hyperglycemia,4
7777788,Tingling of extremities,4
7777789,Confusion/dizzy,4
7777790,Pancreatitis,4
7777791,Fat accumulation or loss,4
7777792,Febrile,4
7777793,Labored breathing,4
7777794,Cyanosis,4
7777795,Wheezing,4
7777796,Auscultation findings,4
7777797,Intercostal recession,4
7777798,WHO STAGING,2
7777799,ARV therapy,4
7777800,Pending lab results,4
7777801,General medical follow-up,4
7777802,Enroll in,2
7777803,Continue current treatment,4
7777804,Restart treatment,4
7777805,Start new treatment,4
7777806,Ongoing monitoring ARV Tx not indicated,4
7777807,Ongoing monitoring ARV Tx post-poned for clinical reasons,4
7777808,Change treatment,4
7777809,Plan for ARV,2
7777810,AZT-3TC-NVP,4
7777811,AZT-3TC-EFV,4
7777812,TDF-3TC-NVP,4
7777813,ABC-3TC-AZT,4
7777814,AZT-3TC-TDF,4
7777815,TDF/3TC ,4
7777816,FTC/ATV/r,4
7777817,LPV/r,4
7777818,AZT-3TC-ATV/r,4
7777819,Adult 1st Line,2
7777820,Adult 2nd Line,2
7777821,Next Appointment,2
7777822,Appointment Date,6
7777823,Lab evaluation,4
7777824,Screen for tuberculosis,4
7777825,OI Prophylaxis,4
7777826,Post Exposure Prophylaxis (PEP),4
7777827,OI Therapy,4
7777828,Admission,4
7777829,Symptomatic treatment/pain control,4
7777830,Plan ,2
7777831,Pruritic paplar dermatitis,4
7777832,Abscesses,4
7777833,Suborrheic dermatitis,4
7777834,Distention,4
7777835,Spenomegaly,4
7777836,Tenderness,4
7777837,Loterus,4
7777838,Thrush,2
7777839,Oral KS,4
7777840,Abnormal fundoscopy,4
7777841,Lumps,4
7777842,Discharge,4
7777843,Abnormal heart rate,4
7777844,Genital ulcer,4
7777845,Inguinal node enlargement,4
7777846,Slow mentation,4
7777847,Mood swings,4
7777848,Anxiety,4
7777849,Orientation to TPP,4
7777850,Speech Slurs,4
7777851,Neck stiffness,4
7777852,Suicidal ideation,4
7777853,Blindness 1/2 eyes,4
7777854,Hemiplegia/paresis,4
7777855,Numbness of extremities,4
7777856,Breasts,2
7777857,Mental status,2
7777858,At 1 year,2
7777859,18 months,2
7777860,At 6 Months is child able to feed,2
7777861,At 2 years,2
7777862,Date initial adherence counseling completed,6
7777863,Vasectomy,4
7777864,Current Regimen,2
7777865,New ART Regimen,2
7777866,New Regimen 1st Line,2
7777867,ART Regimen 2nd Line,2
7777868,Death date,6
7777869,Cause of death HIV related,2
7777870,Not Pregnant,4
7777871,PMTCT Link,2
7777872,Drainage of liquor,4
7777873,Noted side effects,2
7777874,%age of ARV Adherence,2
7777875,Level of Cotrimoxazole adherence,2
7777876,Level of INH adherence,2
7777877,Assessment,2
7777878,AIDS defining illness/opportunistic infection,4
7777879,FTC/LPVr,4
7777880,AZT-3TC-LPV/r,4
7777881,Mother's occupation,2
7777882,father's occupation,2
7777883,caregiver's occupation,2
7777884,Child Educational level,2
7777885,Mother's Educational level,2
7777886,Father's Educational level,2
7777887,Caregiver's Educational level,2
7777888,Number of child's siblings,1
7777889,Both parents,4
7777890,Father only,4
7777891,Mother only,4
7777892,Caregiver,4
7777893,Child live,2
7777894,Difficulty sleeping,2
7777895,Ear discharge,2
7777896,Oral Sores,2
7777897,Appropriate,4
7777898,Delayed,4
7777899,Retarded,4
7777900,Developmental Assessment,2
7777901,Guardian Contacted,2
7777902,CHEW Contacted,2
7777903,Peer Supporter Contacted,2
7777904,Date Patient Contacted,6
7777905,Laboratory Registration No,3
7777906,Basophils %,1
7777907,Hb (PCV) %,1
7777908,Protein,1
7777909,VIA,4
7777910,Cytology,2
7777911,Result Approve by,3
7777912,Scabies,4
7777913,Impaired consciousness,4
7777914,End of Life Care,4
7777915,Paed 1st Line,2
7777916,ABC-3TC-NVP,4
7777917,Paed Alternate 1st Line,2
7777918,DDI-3TC-NVP,4
7777919,ABC-3TC-LPV/r,4
7777920,ABC-3TC-DDI,4
7777921,D4T-3TC-LPV/r,4
7777922,D4T-3TC-NVP,4
7777923,Paed 2nd Line,2
7777924,TB Positive not on drugs,4
7777925,1,4
7777926,2,4
7777927,3,4
7777928,4,4
7777929,TDF-FTC-EFV,4
7777930,TDF-FTC-NVP,4
7777931,ABC-3TC-EFV,4
7777932,First ART Regimen,2
7777933,TDF-FTC-LPV/r,4
7777934,TDF-3TC-LPV/r,4
7777935,TDF-FTC-ATV/r,4
7777936,TDF-3TC-ATV/r,4
7777937,Other HBC services provided (specify),3
7777938,Educated about CSS/HBC services and supports,2
7777939,0-3 No/Some Pain,4
7777940,4-7 Moderate Pain,4
7777941, 8-10 Severe Pain,4
7777942,Pain Intensity,2
7777943,On sufficient pain control,2
7777944,Pill count done,2
7777945,is client on cotrimoxazole,2
7777946,Reason for stopping CTX,3
7777947,FAMILY MEMBERS TESTED +VE FOR HIV,2
7777948,Family members need additional support or referral,2
7777949,Additional support needed by patient,2
7777950,currently sexually active,2
7777951,GIRL FRIEND,4
7777952,BOY FRIEND,4
7777953,CASUAL PARTNER,4
7777954,CURRENT SEXUAL PARTNERS,2
7777955,OTHER SEXUAL PARTNERS,3
7777956,NUMBER OF MALE SEXUAL PARTNERS,1
7777957,FEMALE SEXUAL PARTNERS,1
7777958,Reason for not bringing sexual partner(s) for HCT,3
7777959,ENGAGE IN ANAL SEX,2
7777960,"Do you drink beer, wine or other alcoholic beverages?",2
7777961,PHDP interventions provided,2
7777962,Set Prevention Goal,3
7777963,In control,4
7777964,Overwhelmed,4
7777965,feeling about HIV diagnosis,2
7777966,Other source of water,3
7777967,"Educated regarding importance of clean drinking water, hand washing, food preparation and diarrhoea management",4
7777968,Safe water assessment services provided,2
7777969,Do you have insecticide treated mosquito nets in your home,2
7777970,Malaria prevention services provided,2
7777971,Once per day,4
7777972,Twice meal per day,4
7777973,Thrice meal per day,4
7777974,How many meals does patient eat per day,2
7777975,Other additional food supplies,3
7777976,Nutritional assessment services provided,2
7777977,Other Food Support Referral,3
7777978,Other interventions referred,3
7777979,Other interventions provided,2
7777980,Pain and symptom interventions received,2
7777981,(1-3) Mild,4
7777982,Pain intensity (4-6),4
7777983,Pain Intensity (7-10),4
7777984,Moderate amount,4
7777987,Other method of obtaining medication,3
7777988,Other methods of pain control,3
7777989,Pain and symptom assessment comment,3
7777990,Sexual Partner Information,4
7777990,Sexual Partner Information,4
7777991,Partner 2 information,4
7777992,Partner 3,4
7777993,Partner 4,4
7777994,PWP interventions provided,2
7777995,PWP goal,3
7777996,Psychosocial referral,2
7777997,Other water storage container type,3
7777998,Safe water assessment additional comments,3
7777999,Other additional psychological support,3
7778000,Malaria prevention comments,3
7778001,Nutritional support referrals,2
7778002,Other Faith Based or Non-governmental organizations,3
7778003,Disclosed status to other,3
7778004,Other interventions and referral comments,3
7778005,DID NOT UNDERSTAND HOW TO GIVE MEDIATIONS,4
7778006,OTHER PATIENT/CAREGIVER-RELATED,3
7778007,OTHER HEALTH TEAM-RELATED,3
7778008,OTHER ENVIRONMENT-RELATED,3
7778009,Ordered by,3
7778010,Reported by,3
7778011,Checked by,3
7778012,In Folder by,3
7778013,Indication For The Viral Load Test,2
7778014,Take Repository Sample,2
7778015,Date Ordered ,6
7778016,Date Reported,6
7778017,ANC Register S/No,3
7778018,Date Checked ,6
7778019,Date In Folder ,6
7778020,ANC Number,3
7778021,Other,3
7778022,"Prior ART Treatment, now on ART ? 4 months",4
7778023,Child Infected in spite of PMTCT,4
7778024,Child breast fed with mom on HAART,4
7778025,Test For Research ,3
7778026,Is patient transferred in,2
7778027,Date tested for Syphilis,6
7778028,Syphilis treatment date,6
7778029,Date of HIV Counseling and Testing,6
7778030,HCT Register Serial Number,3
7778031,Previous known HIV Positive result,2
7778032,AGREED TO PARTNER NOTIFICATION,2
7778033,Had Pre-Test Counseling,2
7778034,Triple Treatment (Newly Initiated),4
7778035,Triple Treatment (Already on treatment),4
7778036,Double regimen,4
7778037,ARV therapy received during pregnancy,2
7778038,ARV Prophylaxis,4
7778039,Pregnancy ART therapy type,2
7778040,Prophylaxis treatment drug during pregnancy,2
7778041,Pregnant woman referred for ART,2
7778042,ANC Partner Counseling date,6
7778044,ANC Partner Pre-test counseled,2
7778045,ANC Partner accepted HIV test,2
7778046,ANC partner HIV test result,2
7778047,ANC Partner Post-test counseled and received result,2
7778048,ANC Partner Referred To,2
7778049,ANC Partner other referrals,3
7778050,Please Specify,3
7778051,Do you know why you come to clinic,2
7778052,HIV-Ab,4
7778053,Mode of HIV test,2
7778054,Clinical Notes,3
7778055,Relocating,4
7778056,Closer to new facility,3
7778057,Self transfer,4
7778058,Reason for Transfer,2
7778059,Delivery Date,6
7778060,<4 hrs,4
7778061,>4 hrs,4
7778062,Rom-Delivery interval,2
7778063,GA at ANC,1
7778064,GA at delivery,1
7778065,confirmed appointment date,6
7778066,Date of last clinical visit at transferring site,6
7778067,Episiotomy,4
7778068,Name of the person effecting the transfer,3
7778069,Vaginal Tear,4
7778070,Telephone Number of Person effecting transfer,3
7778071,Labour events,2
7778072,Received date,6
7778073,Date of Visit,6
7778074,Name of Clinician receiving the transfer,3
7778075,Telephone number of Clinician receiving the transfer,3
7778076,Name of Treatment Supporter,3
7778077,Address of Treatment Supporter,3
7778078,Phone number  of Treatment Supporter,3
7778079,Relationship of Treatment Supporter to Client,3
7778080,Maternal outcome,2
7778081,Patient's Address,3
7778083,Child outcome at delivery,2
7778084,New client,2
7778085,Patient came with transfer form,2
7778086,Patient has attended first visit at our site,2
7778087,Child Follow Up Register Serial No,3
7778088,Child HOSP NO,3
7778089,HIV Exposed Infant's Date of Birth,6
7778090,Age in months at 1st PCR,1
7778091,Date 1st PCR sample collected,6
7778092,Date 1st PCR sample sent,6
7778093,Date 1st PCR result received,6
7778094,1st PCR result,2
7778095,Date caregiver given 1st PCR result received,6
7778096,Age in months at 2nd PCR,1
7778097,Date 2nd PCR sample collected,6
7778098,Date 2nd PCR sample sent,6
7778099,Date 2nd PCR result received at facility,6
7778100,2nd PCR Result,2
7778101,Date caregiver was given 2nd PCR result,6
7778102,Child outcome 6 months,2
7778103,Child outcome 12 months,2
7778104,Child outcome 18 months,2
7778105,TB Card No,3
7778106,Tuberculosis status date,6
7778107,Tuberculosis Outcome,3
7778108,First Line,2
7778109,Second Line,2
7778111,Regimen Line,2
7778112,retrospective forms,2
7778113,Intrapartum ARV,2
7778114,Neonatal ARV Prophylaxis,2
7778115,Prior ARV prescription for child,3
7778116,Maternal HIV Status,2
7778117,ART infant PMTCT Prophylaxis,4
7778118,TB CAT 1,4
7778119,TB CAT 2,4
7778120,Exposed Baby,4
7778121,Confirmed HIV Infected Infant/Child,4
7778122,Not Tested,4
7778123,Child HIV Status,2
7778124,TDF-FTC-SQV/r,4
7778125,TDF-3TC-SQV/r,4
7778126,AZT-3TC-SQV/r,4
7778127,AZT-TDF-FTC-LPV/r,4
7778128,AZT-TDF-3TC-LPV/r,4
7778129,TDF-AZT-FTC-SQV/r,4
7778130,TDF-AZT-3TC-SQV/r,4
7778131,TDF-FTC-IDV/r,4
7778132,TDF-3TC-IDV/r,4
7778133,AZT-3TC-IDV/r,4
7778134,TDF-AZT-FTC-IDV/r,4
7778135,TDF-AZT-3TC-IDV/r,4
7778136,ABC-AZT-LPV/r,4
7778137,TDF-AZT-3TC-ATV/r,4
7778139,D4T-3TC-EFV,4
7778140,AZT-3TC,4
7778141,Contact person town,3
7778142,Contact person state,3
7778143,Additonal comment on medical history,3
7778144,Other physical examination,3
7778145,Other presumed ARV Side Effects,3
7778146,PMTCT Treatment date,6
7778147,ARV Treatment date,6
7778148,Relatives and Contact tested HIV positive,2
7778149,Family members who have been tested,2
7778150,family members receiving care,2
7778151,Other current medications specification,3
7778152,Stavudine,4
7778153,TINIDAZOLE,4
7778154,DOXYCYCLINE,4
7778155,SPECTINOMYCIN,4
7778156,TETRACYCLINE,4
7778157,Amitryptiline,4
7778158,DIHYDOARTEMISIMINE,4
7778159,TENOFOVIR/LAMIVUDINE/ATAZANAVIR BOOSTED,4
7778160,Previously tested HIV Negative,2
7778161,Client pregnant,2
7778162,Client informed about HIV transmission routes,2
7778163,Client information aboutrisk factors for HIV transmission,2
7778164,Client informed on preventing HIV transmission methods,2
7778165,Client informed about possible test results.,2
7778166,Informed consent for HIV testing given,2
7778167,Coughing for > 2 weeks,2
7778168,Weight loss of > 3 kg in last 4 weeks,2
7778169,Lymphadenopathy (Swelling of the lymph nodes),2
7778170,Fever for > 2 weeks,2
7778171,Night sweats for > 2 weeks,2
7778172,HIV Request and Result form signed by tester,2
7778173,HIV Request and Result form filled with CT Intake Form,2
7778174,Client receive HIV test result,2
7778175,Client raftered to other services.,2
7778176,If YES Specify,2
7778177,Ever had sextual Intercourse,2
7778178,Received any education/preparation from adherence counsellor,2
7778179,Blood transfusion in the last 3 months,2
7778180,Unprotected sex with casual partner in last 3 months ,2
7778181,Unprotected sex with regular partner in last 3 months,2
7778182,STI in last 3 months,2
7778183,More than 1 sex partner during last 3 months,2
7778184,Complaints of vaginal discharge or burning when urinating?,2
7778185,Complaints of urethral discharge or burning when urinating,2
7778186,Complaints of lower abdominal pains with or without vaginal discharge,2
7778187,Complaints of scrotal swelling and pain,2
7778188,Complaints of genital sore(s) or swellen inguinal lymph nodes with or without pains?,2
7778189,Counseling done,2
7778190,Risk reduction plan developed,2
7778191,Post test disclosure plan developed,2
7778192,Will bring partner(s) for HIV testing?,2
7778193,Will bring own child for < 5 years for HIV testing,2
7778194,Provided with information on FP and dual contraception.,2
7778195,Client/Partner use FP method (other than condom),2
7778196,Client/partner use condom as (one) FP method,2
7778197,Correct condom use demonstrated,2
7778198,Condoms provided to client,2
7778199,Other Lab Orders,3
7778200,Additional Lab Tests,3
7778201,Other Chemistry Test,3
7778202,INH prescribed dose,2
7778203,CTX dose prescribed,2
7778204,Missed Medication Info,4
7778205,All of the time,4
7778206,Most of the time,4
7778207,Rarely,4
7778208,HOW OFTEN DO YOU FEEL THAT YOU HAVE DIFFICULTY TAKING MEDICATION,2
7778209,Every day,4
7778210,Once a week,4
7778211,4-6 days per week,4
7778212,2-3 days per week,4
7778213,Less than once a week,4
7778214,AVERAGE MISSED MEDICATION IN DAYS PER WEEK,2
7778215,Within the past week,4
7778216,1-2 weeks ago,4
7778217,3-4 weeks ago,4
7778218,Between 1 and 3 months ago,4
7778219,More than 3 months ago,4
7778220,LAST TIME PATIENT MISSED ONE DOSE OF HIV MEDICATION,2
7778221,WOT,4
7778222,Use DOT,4
7778223,Make medication more palatable,4
7778224,Other treatment preparation strategies,3
7778225,WOT visit dates,3
7778226,DOT visit dates,3
7778227,Support group meeting venue,3
7778228,Support group meeting time,3
7778229,Patient education module used,3
7778230,Time taking pill with daily routine specify,3
7778231,Other prescribed drugs,3
7778232,Is scheduled visit,2
7778233,Casualty,4
7778234,CBO,4
7778235,Pre-ART Transfer in,4
7778236,Ward,4
7778237,Current clinic patient,4
7778238,HIV test location,3
7778239,"Basic HIV education, transmission",4
7778240,"Prevention: abstinence, safe sex",4
7778241,Prevention: household precautions,4
7778242,Post-test counseling: implication of results,4
7778243,Positive living,4
7778244,Educated on disclosure,4
7778245,Family/living situation,4
7778246,Shared confidentiality,4
7778247,Reproductive choices,4
7778248,Educated on PMTCT,4
7778249,Child's blood test,4
7778250,Progression of disease,4
7778251,Available treatment/prophylaxis,4
7778252,Follow-up appointments,4
7778253,Clinical team,4
7778254,CTX prophylaxis,4
7778255,Educated on INH prophylaxis,4
7778256,Educated on ART essencials ,4
7778257,Locally adapted education on ART essencials,4
7778258,Indicate visits Adherence preparation,4
7778259,"Explain dose, when to take",4
7778260,Educated on what can occur,4
7778261,How to manage side effects,4
7778262,What to do if one forgets dose,4
7778263,What to do when travelling,4
7778264,"Adherence plan  (schedule, aids, explain diary)",4
7778265,Treatment supporter preparation,4
7778266,"Which dose, why missed",4
7778267,ARV support group,4
7778268,Why complete adherence needed,4
7778269,How to contact clinic,4
7778270,Symptom management/palliative,4
7778271,care at home,4
7778272,Caregiver booklet,4
7778273,Treatment support services name,2
7778274,Service date,6
7778275,Support service,4
7778276,CT,4
7778277,No of wives/co-wives,1
7778278,First Time of Visit,2
7778279,Referred from,2
7778280,Setting,2
7778281,TB Screening Score,2
7778282,STI Screening Score,2
7778283,disclosed person,3
7778284,Disclosed person contact,3
7778285,Disclosed person info,4
7778286,When ready for ART,6
7778287,Educated on testing partners,4
7778288,Home base care specify,4
7778289,Educated on support groups,4
7778290,Educated on community support,4
7778291,ART Register S/N,3
7778292,Child information,4
7778294,VCT client code,3
7778295,Other service entry points,3
7778296,Time from home to hospital (in hours),1
7778297,SPOUSE STATUS,2
7778298,SPOUSE NAME,3
7778299,SPOUSE ADDRESS,3
7778300,Other occupation,3
7778301,Other Educational Level,3
7778302,Mothers Hosp ID,3
7778303,Mothers PEPFAR ID,3
7778304,Transferred in PEPFAR ID,3
7778305,Change treatment type,2
7778306,New drug available,4
7778307,TB AFB sputum smear,2
7778308,TB AFB sputum smear Request,2
7778309,ANC Entry Point,2
7778310,None/100 fields,4
7778311,1-9/field: record exact no ,1
7778312,Care and support,4
7778313,Pain / Difficulty When Swallowing,2
7778314,Genital Itching,4
7778315,Other Reason Missed Medication,3
7778316,Sulfonamides,4
7778317,Chloroquine,4
7778318,Penicillin,4
7778319,Drug allergens list,2
7778320,Alcohol or illicit drug use,2
7778321,Child/Children,4
7778322,TB CAT I Medication,3
7778323,TB CAT 2 medication,3
7778324,Other TMP SMX Medication,3
7778325,Hepatitis,4
7778326,Other examination values,2
7778327,Physical examination comment,3
7778328, Date Referred for Sputum AFB,6
7778329,Date referred for CXR,6
7778330,Date started TB treatment,6
7778331,Prior history of treated TB date,6
7778332,Date started IPT,6
7778333,Sputum AFB outcome,3
7778334,CXR Outcome,3
7778335,Assessment and plan,3
7778336,Start art,4
7778337,Stop medication,4
7778338,Continue medication,4
7778339,Medication recommendation,2
7778340,Recommeded Drug name,2
7778341,Recommended dose and comment,3
7778342,Medication recommendation info,4
7778343,Other reasons for regimen substitution or switch,3
7778344,Other Recommended Drugs,3
7778345,Other referrals,3
7778346,Nurse name,3
7778347,Nurse code,3
7778348,Clinician code,3
7778349,Specific Outpatient medical specialty,3
7778350,Loss of developmental milestone,4
7778351,Sibling,4
7778352,Other family members tested for HIV,3
7778353,ZDV X 6 weeks,4
7778354,Single dose NVP + ZDV x 6 weeks,4
7778355,Prior ARV therapy,2
7778356,Nutritional supplement provided,3
7778357,Congenital anomaly specify,3
7778358,Birth events,2
7778359,Public facility,4
7778360,This Institution,4
7778361,Non-Occup PEP,4
7778362,Occup PEP,4
7778363,Treatment type,2
7778364,Drug name,2
7778365,Drug strength,2
7778366,Single dose prescription value,1
7778367,Single dose prescription unit,2
7778368,Total daily dose,1
7778370,Drug Duration number,1
7778371,Drug duration unit,2
7778372,Drug quantity dispensed value,1
7778373,Drug Quantity dispensed unit,2
7778374,Drug Quantity Prescribed value,1
7778375,Drug Quantity prescribed unit,2
7778376,80/20mg/ml,4
7778377,100/25mg,4
7778378,30mg/ml,4
7778379,50mg/scoop,4
7778380,80mg TMP/400mg SMZ,4
7778381,150mg/300mg,4
7778382,Sachet,4
7778383,Suspension,4
7778384,60mg/30mg/50mg,4
7778385,60mg/30mg,4
7778386,6mg/30mg/50mg,4
7778387,12mg/60mg/100mg,4
7778388,6mg/30mg,4
7778389,12mg/60mg,4
7778390,Other drug strength,3
7778391,ml,4
7778392,tabs,4
7778393,Caps,4
7778394,bottle,4
7778395,Packs,4
7778396,tubes,4
7778397,M unit,4
7778398,mg,4
7778399,Stat,4
7778400,am and pm,4
7778401,PRN,4
7778402,TDS,4
7778403,4 - 5 times a day,4
7778404,after each stool,4
7778405,Every week,4
7778406,As directed,4
7778407,Drug Frequency,2
7778408,Drug Order Information,4
7778409,200mg/50mg,4
7778410,Other regimens,2
7778411,Other signs and symptoms,3
7778412,Other previous ARV,3
7778413,Mother's job specify,3
7778414,Father's job specify,3
7778415,Caregiver's job specify,3
7778416,Previous ARV treatment months,1
7778417,Previous PMTCT regimen,2
7778418,Other General Appearance examinations,3
7778419,Other Skin Examination Symptoms,3
7778420,Immunization Incomplete,4
7778421,Vaccination needed,4
7778422,Immunizations needed,2
7778423,Immunization status,2
7778424,Suspected ARV side effect,4
7778425,Suspected Opportunistic Infection,3
7778426,Cause of death coded,2
7778427,Attempt to contact information,4
7778428,Other reasons for discontinued care,3
7778429,Date returned to care,6
7778430,Patient phone number,3
7778431,300mg/150mg/200mg,4
7778432,30mg/150mg/200mg,4
7778433,40mg tube,4
7778434,2.4 M IU,4
7778435,15mg,4
7778436,500mg,4
7778437,500mg/25mg,4
7778438,10mg,4
7778439,100000 IU/ml,4
7778440,800mg/160mg,4
7778441,400mg/80mg,4
7778442,Counseled by,3
7778443,Date counseled,6
7778444,Picked up by,3
7778445,Name of error drug ,3
7778446,Name of error prescription,3
7778447,Consequence of prescription error,3
7778448,Other head and neck examination symptoms,3
7778449,Other cardiovascular examination symptoms,3
7778450,Fisting/spasticity,4
7778451,Other Neurological Examination Finding,3
7778452,Other respiratory findings,3
7778453,Reason for poor or fair ARV adherence,2
7778454,Reason for poor or fair Cotrimoxazole Adherence,2
7778455,Reason for poor or fair INH adherence,2
7778456,Other reasons for poor or fair ARV adherence,3
7778457,Other reasons for poor or fair CTX adherence,3
7778458,Other reasons for poor or fair INH adherence,3
7778459,Other Anti TB Drugs,3
7778460,Other breast examination symptoms,3
7778461,Other genitalia examination findings,3
7778462,Other mental examination findings,3
7778463,Other gastrointestinal findings,3
7778464,5 times a day,4
7778465,Every 4-6 hrs,4
7778466,Pharmacy Registration No,3
7778467,20mg,4
7778468,Total daily dosing units,2
7778469,Not Documented,4
7778470,New ART Regimen Line,2
7778471,New Secone Line Regimen,2
7778472,New First Line Regimen,2
7778473,Child's First Name,3
7778474,Child's Last Name,3
7778475,Mobile CT,4
7778476,Standalone HCT,4
7778477,PEP Program,4
7778478,HEI Program,4
7778479,TB/HIV Program,4
7778480,Cannot swallow drugs,4
7778481,Do not like taste of medicine,4
7778482,Missing doses sometimes,4
7778483,Kid's/Adolescents club,4
7778484,Educational Support,4
7778485,Shelter/Protection Support/Social Worker,4
7778486,Link to community support team,4
7778487,ART Regiment ,2
7778488,Does Child Have ITN,2
7778489,2nd line,4
7778490,PEP Register S/N,3
7778491,Patient PEP No,3
7778492,Mode of exposure,2
7778493,Occupational PEP exposure,2
7778494,Needle stick/sharp injury,4
7778495,Mucosal exposure,4
7778496,Exposure to broken skin,4
7778497,Sexual,4
7778498,Non Sexual,4
7778499,Non Occupational PEP exposure,2
7778500,< 24 Hrs,4
7778501,< 48 Hrs,4
7778502,< 72 Hrs,4
7778503,>72Hrs,4
7778504,HIV Status at Exposure,2
7778505,PEP Regimen type,2
7778506,Food Refusal,2
7778507,2 Drug Combination,2
7778508,3 Drug Combination,2
7778509,Duration before PEP Provided,2
7778510,PEP start date,6
7778511,PEP stop date,6
7778512,1st visit (6th wk),2
7778513,2nd visit (3rd month),2
7778514,3rd visit (6 months),2
7778515,Referred to care,2
7778517,D4T-3TC,4
7778518,Oral KS specify,3
7778519,Fever/night sweats,4
7778520,CD4 Next due date,6
7778521,Hemoglobin next due date,6
7778522,WBC next due date,6
7778523,AST next due date,6
7778524,ALT next due date,6
7778525,Viral load next due date,6
7778526,Referred for food prescription,2
7778529,WHO_ART_STRT,2
7778530,FS_ART_STRT,2
7778531,RGMN_LN_ART_STRT,2
7778532,1ST_LN_RGMN_ART_STRT,2
7778533,2ND_LN_RGMN_ART_STRT,2
7778534,OTHR_RGMN_ART_STRT,2
7778535,symptom findings,4
7778536,Other reasons for ARV stopped,3
7778537,Reason for medication interruption,2
7778538,Other reasons for medication interruption,3
7778539,Contact person relationship,3
7778540,Rapid test period,2
7778541,Enrolled in facility,4
7778542,Walk in mother,4
7778543,Child's Mothers status,2
7778544,Mother's First Name,3
7778545,Mother's Last Name,3
7778546,Mother's Phone,3
7778547,Mother's ARV,2
7778548,120mg,4
7778549,300mg/300mg/150mg,4
7778550,HEI,4
7778551,50mg/5ml,4
7778552,Other infant feeding methods,3
7778553,Register S/N,3
7778554,TDF-3TC-EFV,4
7778555,ABC-DDI-SQV/r,4
7778556,TDF-DDI-IDV/r,4
7778557,ABC-DDI-LPV/r,4
7778558,300mg/300mg/600mg,4
7778559,300mg/150mg/300mg,4
7778560,60mg/30mg/60mg,4
7778561,Reason not willing for HBC Referrals,3
7778562,Specify Pain,3
7778563,Household comments,3
7778564,Other Examinations Specify,3
7778565,Health Problems Since Birth Specify,3
7778566,Pain Control Comments,3
7778567,Does Child Sibling Have Insecticide Treated Mosquito nets,2
7778568,Number of days treatment was interrupted,1
7778569,Number of days treatment was stopped,1
7778570,Other reasons medication stopped,3
7778571,Address of reffering organization,3
7778572,Phone number of reffering organization,3
7778573,Facility referred to,3
7778574,Department referred from,3
7778575,Department referred to,3
7778576,Address of receiving organization,3
7778577,Phone number of receiving organization,3
7778578,ONCOLOGY SERVICES,4
7778579,CHILD CARE,4
7778580,CLINICAL CARE,4
7778581,EDUCATION/SCHOOLING,4
7778582,Designation of service provider,3
7778583,Name of contact person at referred facility,3
7778584,Services provided,2
7778585,Service completed,2
7778586,Type of follow up needed,3
7778587,Follow up date,6
7778588,Service information,4
7778589,TB Sputum smear no of fields,3
7778590,ARV therapy received current pregnancy,2
7778591,ARV therapy received past pregnancy,2
7778592,Nutritional status,2
7778593,Underweight,4
7778594,Well nourished,4
7778595,Overweight/Obese,4
7778596,Breastfeeding,4
7778597,1 year,4
7778598,3rd Line,2
7778599,300mg/300mg/400mg,4
7778600,RALTEGRAVIR,4
7778601,DARUNAVIR,4
7778602,DARUNAVIR/RITONAVIR,4
7778603,DOLUTEGRAVIR,4
7778604,Other Frequency,3
7778605,DRV/r-DTG-1-2 NRTIS ,4
7778606,DRV/r-2NRTIs-NNRTI,4
7778607,DRV/r-RAL-1-2NRTIs,4
7778608,DTG + 2NRTIs,4
7778609,DRV/r+2 NRTIs,4
7778610,DRV/r+DTG+1-2NRTIs,4
7778611,Educated Child/Caregiver about growth milestone community support services,4
7778612,PrEP,4
7778613,Drug Order Information 2,4
7778614,Drug Order Information 3,4
7778615,Drug Order Information 4,4
7778616,Drug Order Information 6,4
7778617,Drug Order Information 5,4
7778618,Transfered In,4
7778619,Transfered in without records,4
7778620,INH stop date,6
7778621,CTX Start Date,6
7778622,Date Cotrimoxazole Stoped,6
7778623,TB Treatment Stop Date,6
7778624,Labour Booked,4
7778625,Labour Unbooked,4
7778626,Exposed infant given Hepatitis B Immunoglobin within 24hrs of birth,4
7778627,Non exposed infant given Hepatitis B Virus Vaccine within 24 hours,4
7778628,Time of ART Initiation,2
7778629,Prior to this pregnancy,4
7778630,HIV Re-testing Result,2
7778631,Tested for Hepatitis B,2
7778632,Tested for Hepatitis C,2
7778633,Woman's HIV Status,2
7778634,Partner Hepatitis B Status,2
7778635,Partner Hepatitis C Status,2
7778636,Partner Syphilis Status,2
7778637,AZT-3TC-RAL,4
7778638,TDF-3TC-RAL,4
7778639,TDF-3TC-DRV/r,4
7778640,AZT-3TC-DRV/r,4
7778641,TDF-3TC-DTG,4
7778642,ABC-3TC-DTG,4
7778643,DATE TRANSFERRED OUT,6
7778644,Time of Mother's ART Initiation,2
7778645,ANC < 36 weeks gestation period,4
7778646,ANC > 36 weeks gestation period,4
7778647,Other first line ,4
7778648,Other second line,4
7778649,Infant ARV commencement period,2
7778650,HIV-positive Linked to ART,4
7778651,HIV-positive Not Linked to ART,4
7778652,HIV-negative No longer breastfeeding,4
7778653,HIV-negative Breastfeed status unknown,4
7778654,HIV-negative Still breastfeeding,4
7778655,HIV status unknown Died,4
7778656,HIV status unknow Lost to follow-up,4
7778657,HIV status unknown Transferred,4
7778658,Not breastfeeding,4
7778659,ART Enrollment Number,3
7778660,Breastfeeding status,2
7778661,Drug order Information 7,4
7778662,Drug Order Information 8,4
7778663,600mg/300mg,4
7778664,300mg/100mg,4
7778665,240mg,4
7778666,150mg/75mg,4
7778667,150mg/150mg,4
7778668,150mg/75mg/40mg,4
7778669,150mg/150mg/500mg,4
7778670,60mg/60mg,4
7778671,60mg/30mg/150mg,4
7778672,150mg/75mg/400mg/275mg,4
7778673,Drug Order Information 9,4
7778675,DBS,4
7778676,Whole Blood,4
7778677,Cytology outcome,3
7778678,Baseline (6 months after ART Initiation),4
7778679,Routine (Every 12 months),4
7778680,Confirmation (3-6 months after intense adherence counseling),3
7778681,Repeat Test,4
7778682,Date Sample Was Received at PCR Lab,6
7778683,GeneXpert MTB/RIF,2
7778684,Detected,4
7778685,Not detected,4
7778686,Walk in ,4
7778687,Patient assess for Adherence,2
7778688,Facial Marks,2
7778689,TDF-3TC-DTG-LPV/r,4
